status,word,tracks,source_pos,source_gloss,corpus_pos,dominant_count,dominance,source_pos_count,source_pos_share,candidate_gloss,final_pos,final_gloss
corrected,exploit,cet4+cet6+postgrad,n.,功绩、勋绩,v.,821,1.000,0,0.000,开发、利用、开拓,v.,利用、开发、剥削
corrected,incorporate,cet6+postgrad,adj.,合并的、组成公司的、一体化的,v.,527,1.000,0,0.000,吸收、合并、使组成公司,v.,包含、合并、使并入
corrected,indispensable,cet4+cet6+postgrad,n.,不可缺少之物,adj.,155,1.000,0,0.000,不可缺少的、责无旁贷的、绝对必要的,adj.,不可缺少的、必不可少的
corrected,retire,cet4+cet6+postgrad,n.,隐居,v.,1859,1.000,0,0.000,引退、退役、退休,v.,退休、退役、退出
corrected,revise,cet4+cet6+postgrad,n.,校订、修正、改样,v.,330,1.000,0,0.000,校订、修正、校正,v.,修改、修订、复习
corrected,rotate,cet4+cet6+postgrad,adj.,辐状的,v.,345,1.000,0,0.000,使旋转、使转动、使轮流,v.,旋转、转动、轮换
corrected,safeguard,cet6+postgrad,n.,保卫、保护措施、防护设施,v.,559,1.000,0,0.000,保卫、保护,v.,保护、保卫
corrected,sometime,cet4+cet6+postgrad,adj.,以前的、某一时间的,adv.,1297,1.000,0,0.000,改天、来日,adv.,某个时候、改天
corrected,wring,cet6,n.,扭绞、拧、挤,v.,111,1.000,0,0.000,拧、绞、扭,v.,拧、绞、扭
corrected,many,life,n.,多数、多数人,adj.,149481,0.999,0,0.000,许多的,adj.,许多的、许多
corrected,substantial,cet4+cet6+postgrad,n.,重要材料(或事物)、有实际价值的东西,adj.,3174,0.999,0,0.000,实质上的、物质的、有内容的,adj.,大量的、实质的、重要的
corrected,dependent,cet4+cet6+postgrad,n.,依赖他人者,adj.,1665,0.998,0,0.000,依赖的、从属的,adj.,依赖的、取决于…的
corrected,disrupt,cet6+postgrad,adj.,分裂的、中断的,v.,500,0.998,0,0.000,使分裂、使瓦解,v.,扰乱、使中断、破坏
corrected,meanwhile,life+cet4+cet6+postgrad,n.,其时、其间,adv.,6109,0.998,14,0.002,同时、于此时,adv.,同时、在此期间
corrected,entire,life+cet4+cet6+postgrad,n.,整个、全部,adj.,10529,0.997,12,0.001,全体的、完全的、全部的,adj.,全部的、整个的
corrected,melt,cet4+cet6+postgrad,n.,熔化、熔化物、溶解,v.,2014,0.997,1,0.000,(使)熔化、(使)溶解、(使)消散,v.,融化、熔化
corrected,normal,life+cet4+cet6+postgrad,n.,常态、标准、正常,adj.,16195,0.997,0,0.000,正常的、正规的、标准的,adj.,正常的、通常的
corrected,nowadays,cet4+cet6+postgrad,n.,现在、现时、当今,adv.,2830,0.996,1,0.000,时下、现今,adv.,现今、如今
corrected,reject,cet4+cet6+postgrad,n.,被拒之人、被弃之物、不合格品,v.,1109,0.996,2,0.002,拒绝、抵制、否决,v.,拒绝、驳回、摒弃
corrected,cancel,cet4+cet6+postgrad,n.,取消、撤消、盖销(邮票),v.,1791,0.994,7,0.004,取消、删去、抵销,v.,取消、撤销
corrected,wipe,cet4+cet6+postgrad,n.,擦拭、用力打、凸轮,v.,1978,0.993,0,0.000,擦、揩、消灭,v.,擦、擦去
corrected,elect,cet4+postgrad,n.,当选人、被选的人,v.,858,0.992,0,0.000,选举、选择,v.,选举、选择
corrected,mediate,cet6,adj.,居间的、间接的,v.,91,0.989,0,0.000,斡旋、调停,v.,调停、调解
corrected,retard,cet6,n.,阻止、延迟,v.,80,0.988,0,0.000,妨碍、延迟、使减速,v.,延缓、妨碍、使减速
corrected,invalid,cet6+postgrad,n.,病人、残废者,adj.,184,0.984,0,0.000,有病的、无效的,adj.,无效的、不合法的
corrected,shrink,cet4+cet6+postgrad,n.,收缩、萎缩、回避,v.,731,0.983,0,0.000,收缩、退缩、萎缩,v.,收缩、缩小、退缩
corrected,secular,postgrad,n.,修道院外的教士,adj.,641,0.982,1,0.002,世俗的、现世的、长期的,adj.,世俗的、非宗教的
corrected,westward,cet4+cet6,n.,朝西的方向,adv.,110,0.982,0,0.000,向西的,adv.,向西、朝西
corrected,superficial,cet4+cet6+postgrad,n.,表面、外表,adj.,387,0.980,0,0.000,表面的、肤浅的、面积的,adj.,表面的、肤浅的
corrected,edible,cet6+postgrad,n.,食品、食物,adj.,984,0.975,0,0.000,可食用的,adj.,可食用的
corrected,hopeful,cet4+cet6+postgrad,n.,有希望之人、有前途之人,adj.,1808,0.971,51,0.027,有希望的、怀抱希望的、保持乐观的,adj.,有希望的、乐观的
corrected,prerequisite,cet6,adj.,先决条件的、必要的,n.,67,0.971,2,0.029,先决条件、必备条件,n.,先决条件、必备条件
corrected,headlong,cet6,adj.,头向前的、仓猝而用力的、轻率的,adv.,114,0.966,0,0.000,头向前地、猛然地、用力地,adv.,头朝前地、猛然地
corrected,streamline,cet6+postgrad,n.,流线、流线型,v.,126,0.955,2,0.015,使成流线型、使合理化,v.,使精简、使效率更高
corrected,scoff,cet6,n.,嘲笑、愚弄、笑柄,v.,125,0.954,0,0.000,嘲笑、嘲弄、贪吃,v.,嘲笑、嘲弄
corrected,lateral,postgrad,n.,侧部、支线、边音,adj.,270,0.947,11,0.039,侧面的、旁边的,adj.,侧面的、横向的
corrected,seaside,cet6+postgrad,adj.,海边的、海滨的,n.,2809,0.939,30,0.010,海滨,n.,海滨、海边
corrected,eastward,cet6,n.,朝东方向,adv.,45,0.938,0,0.000,向东,adv.,向东、朝东
corrected,mortal,cet4+cet6+postgrad,n.,生物、人类,adj.,476,0.935,12,0.024,不免一死的、人类的、临终的,adj.,终有一死的、致命的
corrected,quiet,life,n.,安静、闲适、平静,adj.,13495,0.932,246,0.017,安静的、静止的、寂静的,adj.,安静的、平静的
corrected,try,life,n.,尝试、试验、审理,v.,81599,0.910,8056,0.090,试、尝试、试验,v.,尝试、试用、努力
corrected,random,cet6+postgrad,n.,随意、随机,adj.,2239,0.909,0,0.000,任意的、随便的、胡乱的,adj.,随机的、任意的
corrected,automatic,cet4+cet6+postgrad,n.,自动手枪、自动机械,adj.,1653,0.905,0,0.000,自动的、机械的、必然的,adj.,自动的、无意识的
corrected,hurt,life+cet4+cet6+postgrad,n.,伤害、创伤、损害,v.,11764,0.882,1166,0.087,伤害、(使)伤心、危害,v.,伤害、使疼痛
corrected,minor,cet4+cet6+postgrad,n.,未成年人、副修科目,adj.,2549,0.856,0,0.000,较小的、二流的、未成年的,adj.,较小的、次要的
corrected,sudden,cet4+cet6+postgrad,n.,突然、忽然,adj.,5972,0.850,0,0.000,突然的、意外的、快速的,adj.,突然的、意外的
corrected,pour,life+cet4+cet6+postgrad,n.,流出、倾泻、骤雨,v.,2939,0.824,3,0.001,倒、灌、注,v.,倒、倾泻、涌出
corrected,revolutionary,cet4+cet6+postgrad,n.,革命者、革命党人,adj.,1373,0.815,164,0.097,革命的、革命性的,adj.,革命性的、突破性的
corrected,shatter,cet6+postgrad,n.,碎片、粉碎、落叶,v.,188,0.814,22,0.095,打碎、使散开、粉碎,v.,打碎、粉碎、使破灭
corrected,opaque,cet6+postgrad,n.,不透明物,adj.,155,0.807,28,0.146,不透明的、不传热的、不传导的,adj.,不透明的、难理解的
corrected,resolute,cet6+postgrad,n.,果断的人,adj.,143,0.722,30,0.152,坚决的、刚毅的、毅然的,adj.,坚定的、坚决的
corrected,invert,cet6+postgrad,adj.,转化的,v.,19,0.594,3,0.094,使反转、使颠倒、使转化,v.,使倒置、使颠倒、反转
resolved_multi,Iraqi,life,n.,伊拉克人、伊拉克阿拉伯语,adj.,687,1.000,0,0.000,伊拉克的、伊拉克人的,adj.,伊拉克的、伊拉克人的
resolved_multi,musical,cet4+cet6+postgrad,n.,音乐片、音乐舞台剧,adj.,8231,1.000,0,0.000,音乐的、声音美妙的、喜爱音乐的,adj.,音乐的、声音美妙的、喜爱音乐的
resolved_multi,Greek,cet4+cet6,n.,希腊人、希腊语,adj.,6848,0.999,1,0.000,希腊的、希腊人的,adj.,希腊的、希腊人的
resolved_multi,extract,cet6+postgrad,n.,榨出物、精汁、摘录,v.,1146,0.997,0,0.000,(费力地)取出、采掘、榨取,v.,(费力地)取出、采掘、榨取
resolved_multi,handle,life+cet4+cet6+postgrad,n.,柄、把手、把柄,v.,7887,0.997,1,0.000,触摸、运用、买卖,v.,触摸、运用、买卖
resolved_multi,immigrant,cet4+cet6+postgrad,n.,移民,adj.,575,0.997,0,0.000,移入的、移民的,adj.,移入的、移民的
resolved_multi,tap,cet4+cet6+postgrad,n.,轻打、水龙头,v.,4286,0.996,0,0.000,轻打、轻敲、敲打出,v.,轻打、轻敲、敲打出
resolved_multi,civilian,cet4+cet6+postgrad,n.,平民、民法专家,adj.,1623,0.995,0,0.000,平民的、百姓的、民用的,adj.,平民的、民用的
resolved_multi,ruin,cet4+cet6+postgrad,n.,毁灭、推翻、废墟,v.,2829,0.995,6,0.002,毁灭、衰败、破坏,v.,毁灭、衰败、破坏
resolved_multi,stall,cet6+postgrad,n.,厩、停车处、牧师职位,v.,3048,0.995,0,0.000,关入厩、停顿、推托,v.,关入厩、停顿、推托
resolved_multi,pose,cet4+cet6+postgrad,n.,姿势、姿态、装模作样,v.,1722,0.989,17,0.010,摆姿势、装模作样、假装,v.,摆姿势、装模作样、假装
resolved_multi,reign,cet4+cet6+postgrad,v.,为王、为君、当政,n.,1830,0.988,0,0.000,为王、为君、当政,n.,为王、为君、当政
resolved_multi,complement,cet6+postgrad,n.,补足物、补语、补数,v.,516,0.987,6,0.011,补充、补足,v.,补充、补足
resolved_multi,current,life+cet4+cet6+postgrad,n.,涌流、趋势、流,adj.,12931,0.984,193,0.015,流通的、现在的、当前的,adj.,当前的、现行的、水流
resolved_multi,relative,cet4+cet6+postgrad,n.,亲戚、关系词,adj.,2315,0.982,29,0.012,有关系的、相对的、比较的,adj.,相对的、相关的
resolved_multi,Italian,cet4+cet6,n.,意大利人、意大利语,adj.,7904,0.980,2,0.000,意大利的、意大利语的,adj.,意大利的、意大利语的
resolved_multi,raise,life,n.,上升、高地、增高,v.,14066,0.977,315,0.022,升起、举起、唤起,v.,提高、举起、筹集
resolved_multi,else,life,adj.,别的、其他的,adv.,62072,0.976,1530,0.024,另外、否则、不然,adv.,另外、否则、不然
resolved_multi,primary,life+cet4+cet6+postgrad,n.,最主要者、原色,adj.,4946,0.976,124,0.024,主要的、初期的、根本的,adj.,主要的、初期的、根本的
resolved_multi,sick,life,n.,病人,adj.,11267,0.976,155,0.013,不舒服、有病的、恶心的,adj.,生病的、不舒服的
resolved_multi,specific,life+cet4+cet6+postgrad,n.,特效药、特性,adj.,5849,0.975,150,0.025,特殊的、明确的、具有特效的,adj.,具体的、特定的
resolved_multi,tear,life+cet4+cet6+postgrad,n.,泪滴、眼泪、撕,v.,3318,0.975,16,0.005,流泪、撕破、赶快,v.,流泪、撕破、赶快
resolved_multi,moan,cet4+cet6+postgrad,n.,呻吟、悲叹,v.,561,0.974,9,0.016,呻吟、抱怨、悲叹,v.,呻吟、抱怨、悲叹
resolved_multi,saw,cet4+cet6+postgrad,n.,锯子、谚语,v.,49394,0.971,1375,0.027,锯、锯开、来回移动,v.,锯、锯开、来回移动
resolved_multi,alone,life+cet4+postgrad,adj.,孤独的、单独的、独自的,adv.,21001,0.970,568,0.026,独自地,adv.,独自地
resolved_multi,Egyptian,cet6,n.,埃及人,adj.,2219,0.969,0,0.000,埃及的、埃及人的,adj.,埃及的、埃及人的
resolved_multi,fetch,cet4+cet6+postgrad,n.,取得、拿、诡计,v.,2902,0.966,84,0.028,接来、取来、售得,v.,接来、取来、售得
resolved_multi,forward,life,adj.,向前的、早的、迅速的,adv.,41807,0.966,523,0.012,向前地,adv.,向前地
resolved_multi,horizontal,cet4+cet6+postgrad,n.,水平线、水平面、水平位置,adj.,515,0.966,8,0.015,水平线的、平坦的、横的,adj.,水平线的、平坦的、横的
resolved_multi,multiple,life+cet4+cet6+postgrad,n.,倍数、并联,adj.,2559,0.966,53,0.020,多样的、许多的、多功能的,adj.,多个的、多重的
resolved_multi,cheat,cet4+cet6+postgrad,n.,欺骗、作弊、骗子,v.,1446,0.965,42,0.028,欺骗、逃脱、骗取,v.,欺骗、逃脱、骗取
resolved_multi,synthetic,cet4+cet6+postgrad,n.,合成物质,adj.,412,0.965,12,0.028,综合(性)的、人造的、合成的,adj.,综合(性)的、人造的、合成的
resolved_multi,recruit,cet4+cet6+postgrad,n.,新兵、新手、新会员,v.,1165,0.963,0,0.000,恢复、补充、充实,v.,恢复、补充、充实
resolved_multi,leave,life,n.,许可、告别、请假,v.,59936,0.962,2351,0.038,离开、剩下、遗忘,v.,离开、留下
resolved_multi,lash,postgrad,n.,鞭子、鞭打、睫毛,v.,290,0.957,5,0.017,鞭打、摆动、扎捆,v.,鞭打、摆动、扎捆
resolved_multi,skip,cet6+postgrad,n.,跳跃、跳读,v.,2439,0.957,45,0.018,跳越、跳读、跳绳,v.,跳越、跳读、跳绳
resolved_multi,steep,cet4+cet6+postgrad,n.,浸渍、悬崖,adj.,1957,0.957,28,0.014,险峻的、陡峭的、急剧升降的,adj.,险峻的、陡峭的、急剧升降的
resolved_multi,far,life,adj.,远的、久远的、遥远的,adv.,78200,0.952,3019,0.037,甚远地、很、到很深的程度,adv.,甚远地、很、到很深的程度
resolved_multi,curl,cet4+cet6+postgrad,n.,拳曲、鬈发,v.,503,0.949,11,0.021,弄卷,v.,弄卷
resolved_multi,mean,life,adj.,低劣的、卑贱的、简陋的,v.,96757,0.947,3077,0.030,意谓、想要、意欲,v.,意思是、意味着
resolved_multi,intellectual,cet4+cet6+postgrad,n.,有知识者、知识分子、凭理智做事者,adj.,1131,0.943,43,0.036,智力的、用脑力的、聪明的,adj.,智力的、用脑力的、聪明的
resolved_multi,wait,life,n.,等待、等候,v.,44426,0.943,2681,0.057,等候、期待、延缓,v.,等候、期待、延缓
resolved_multi,German,life+cet4+cet6,n.,德国人、德语,adj.,10997,0.942,3,0.000,德国的、德国人的、德国语的,adj.,德国的、德国人的、德国语的
resolved_multi,stable,cet4+cet6+postgrad,n.,马房、牛棚,adj.,3818,0.940,239,0.059,稳定的、安定的、坚固的,adj.,稳定的、安定的、坚固的
resolved_multi,grab,life+cet6+postgrad,n.,抓握、掠夺、强占,v.,6763,0.939,353,0.049,抓取、抢去,v.,抓取、抢去
resolved_multi,spur,cet4+cet6+postgrad,n.,马刺、刺激物、鼓舞,v.,417,0.939,9,0.020,刺激、激励、用马刺策(马)前进,v.,刺激、激励、用马刺策(马)前进
resolved_multi,tread,cet6,n.,踏、步态、梯级,v.,749,0.937,46,0.058,踏、行走、交尾,v.,踏、行走、交尾
resolved_multi,transplant,cet4+cet6+postgrad,vt.,使移居、移植、使迁移,n.,1244,0.936,57,0.043,移居者、移植,n.,移居者、移植
resolved_multi,torpedo,cet6,n.,鱼雷、水雷、地雷,v.,291,0.933,9,0.029,用鱼雷袭击、破坏,v.,用鱼雷袭击、破坏
resolved_multi,professional,life+cet4+cet6+postgrad,n.,专业人才,adj.,9169,0.930,353,0.036,专业的、职业的,adj.,专业的、职业的
resolved_multi,swallow,cet4+cet6+postgrad,n.,燕子、吞咽、喉,v.,1438,0.930,55,0.036,咽、淹没、吞没,v.,咽、淹没、吞没
resolved_multi,underestimate,cet6+postgrad,n.,低估,v.,824,0.930,41,0.046,低估、看轻,v.,低估、看轻
resolved_multi,captive,cet4+cet6+postgrad,n.,俘虏、迷恋者,adj.,464,0.928,17,0.034,被俘的、被迷住的,adj.,被俘的、被迷住的
resolved_multi,tentative,cet6+postgrad,n.,试验,adj.,297,0.928,22,0.069,试验性的、暂时的,adj.,试验性的、暂时的
resolved_multi,kill,life+cet4+postgrad,n.,杀、杀戮、小河,v.,15290,0.926,1216,0.074,杀、破坏、消灭,v.,杀死、消磨
resolved_multi,sway,cet4+cet6+postgrad,n.,摇摆、影响力、支配,v.,681,0.925,27,0.037,摇动、支配、弄歪,v.,摇动、支配、弄歪
resolved_multi,need,life,n.,需要、必须、缺乏,v.,218261,0.923,16542,0.070,需要、必需,v.,需要、必需
resolved_multi,Japanese,life,n.,日本人、日语,adj.,5313,0.920,69,0.012,日本的、日语的,adj.,日本的、日语的
resolved_multi,sniff,cet6+postgrad,n.,以鼻吸气、嗅、气息,v.,1381,0.918,97,0.064,嗅、蔑视、嗤之以鼻,v.,嗅、蔑视、嗤之以鼻
resolved_multi,initiate,cet6+postgrad,n.,入会、开始,v.,220,0.913,20,0.083,开始、传授基本知识给,v.,开始、传授基本知识给
resolved_multi,pick,life,n.,精选、选择、掘,v.,26786,0.913,2564,0.087,摘、掘、凿,v.,挑选、采摘
resolved_multi,blackmail,postgrad,n.,勒索,v.,466,0.905,40,0.078,勒索,v.,勒索
resolved_multi,classic,cet4+cet6+postgrad,n.,古典作品、杰作、大艺术家,adj.,8965,0.905,768,0.078,第一流的、最优秀的、古典的,adj.,第一流的、最优秀的、古典的
resolved_multi,forfeit,postgrad,n.,没收物、罚金、丧失,v.,423,0.904,32,0.068,没收、丧失,v.,没收、丧失
resolved_multi,sweet,life,n.,甜蜜、糖果、情人,adj.,17305,0.902,687,0.036,甜的、芳香的、悦耳的,adj.,甜的、芳香的、悦耳的
resolved_multi,wear,life,n.,穿着、戴、使用,v.,14212,0.900,1586,0.100,穿着、戴、留(须、发等),v.,穿着、戴、留(须、发等)
resolved_multi,tender,cet4+cet6+postgrad,adj.,嫩的、柔软的、脆弱的,n.,2061,0.897,136,0.059,照料、看管人、供应船,adj.,柔软的、嫩的
resolved_multi,second,life,n.,秒、瞬间、第二名,adj.,73550,0.896,2477,0.030,第二的、其次的、次要的,adj.,第二的、其次的、次要的
resolved_multi,hate,life+cet4+cet6+postgrad,n.,憎恨、恨、厌恶,v.,11771,0.895,1198,0.091,憎恨、憎恶,v.,憎恨、讨厌
resolved_multi,swamp,cet4+cet6+postgrad,n.,沼泽、进退两难的困境,v.,579,0.891,43,0.066,淹没、击溃、清除,v.,淹没、击溃、清除
resolved_multi,Spanish,cet4+cet6,n.,西班牙人、西班牙语,adj.,5631,0.890,0,0.000,西班牙的,adj.,西班牙的
resolved_multi,concentrate,cet4+cet6+postgrad,n.,浓缩、精选,v.,4082,0.885,528,0.114,集中、专心,v.,集中、专心
resolved_multi,extreme,cet4+cet6+postgrad,n.,极端、末端,adj.,4697,0.883,478,0.090,极端的、尽头的、极度的,adj.,极端的、尽头的、极度的
resolved_multi,whole,life+cet4+cet6+postgrad,n.,全部、全体、整体,adj.,62244,0.881,8309,0.118,所有的、完整的、完全的,adj.,所有的、完整的、完全的
resolved_multi,insert,cet4+cet6+postgrad,n.,插入物,v.,362,0.879,47,0.114,插入、把(人造卫星)射入(轨道)、添写,v.,插入、把(人造卫星)射入(轨道)、添写
resolved_multi,wireless,cet4+cet6,n.,无线电,adj.,543,0.879,10,0.016,无线的、无线电的,adj.,无线的、无线电的
resolved_multi,elastic,cet4+cet6+postgrad,n.,松紧带、橡皮筋,adj.,474,0.878,37,0.069,有弹性的、能伸缩的、可通融的,adj.,有弹性的、能伸缩的、可通融的
resolved_multi,dark,life,n.,黑暗、夜、黄昏,adj.,15247,0.877,2140,0.123,黑暗的、暗的、深色的,adj.,黑暗的、暗的、深色的
resolved_multi,pretty,life+cet4+cet6+postgrad,adj.,漂亮的、优美的、机灵的,adv.,56146,0.877,2520,0.039,相当、颇,adv.,相当、颇
resolved_multi,spoil,cet4+cet6+postgrad,n.,战利品、赃物、奖品,v.,1375,0.876,160,0.102,损坏、破坏、溺爱,v.,损坏、破坏、溺爱
resolved_multi,military,life+cet4+cet6+postgrad,n.,军队,adj.,11597,0.875,1210,0.091,军事的、军人的、适于战争的,adj.,军事的、军人的、适于战争的
resolved_multi,worry,life,n.,担心、烦恼、忧虑,v.,24483,0.875,3387,0.121,使烦恼、使焦虑、使苦恼,v.,使烦恼、使焦虑、使苦恼
resolved_multi,native,life+cet4+cet6+postgrad,n.,本地人、土产、当地人,adj.,2755,0.874,294,0.093,本国的、与生俱来的、自然的,adj.,本国的、与生俱来的、自然的
resolved_multi,reach,life+cet4+cet6+postgrad,n.,伸出、延伸、区域,v.,11429,0.874,1599,0.122,到达、达到、伸出,v.,到达、伸手、达到
resolved_multi,hold,life,n.,把握、把持力、柄,v.,36926,0.869,5575,0.131,保存、握住、拿住,v.,拿着、保持、举行
resolved_multi,Chinese,life,n.,中文、中国话、中国人,adj.,8539,0.864,4,0.000,中国的、中国话的,adj.,中国的、中国话的
resolved_multi,French,life,n.,法国人、法文、法式,adj.,18849,0.862,7,0.000,法国的、法国人的、法语的,adj.,法国的、法国人的、法语的
resolved_multi,cold,life+cet4+postgrad,n.,感冒、寒冷,adj.,22156,0.857,1711,0.066,寒冷的、冷淡的、冷静的,adj.,寒冷的、冷淡的、冷静的
resolved_multi,fake,cet6+postgrad,n.,假货、欺骗、诡计,adj.,5588,0.857,597,0.092,假的,adj.,假的
resolved_multi,plague,cet6+postgrad,n.,瘟疫、天罚、麻烦,v.,935,0.855,30,0.027,折磨、使苦恼、使得灾祸,v.,折磨、使苦恼、使得灾祸
resolved_multi,criminal,life+cet4+cet6+postgrad,n.,罪犯、犯人、刑事,adj.,6100,0.851,435,0.061,犯了罪的、刑事的、有罪的,adj.,犯了罪的、刑事的、有罪的
resolved_multi,catch,life,n.,捕捉、陷阱、捕捉之物,v.,18941,0.849,3236,0.145,捕捉、赶上、感染,v.,抓住、赶上、接住
resolved_multi,fair,life+cet4+cet6+postgrad,n.,展览会、市集、美好的事物,adj.,24394,0.847,842,0.029,公平的、按规则进行的、不好不坏的,adj.,公平的、按规则进行的、不好不坏的
resolved_multi,American,life,n.,美国人,adj.,18642,0.846,0,0.000,美国的、美洲的,adj.,美国的、美洲的
resolved_multi,stay,life,n.,停留、逗留、制止,v.,41759,0.846,1952,0.040,制止、延缓、坚持,v.,制止、延缓、坚持
resolved_multi,produce,life+cet4+cet6+postgrad,n.,生产品、物产、后代,v.,8561,0.842,1601,0.158,产生、生产、提出,v.,生产、产生、农产品
resolved_multi,serial,postgrad,n.,分期连载作品、连载小说,adj.,798,0.841,150,0.158,连续的、一连串的、连载的,adj.,连续的、一连串的、连载的
resolved_multi,Russian,life,n.,俄国人、俄语,adj.,4780,0.838,0,0.000,俄国的、俄语的,adj.,俄国的、俄语的
resolved_multi,mention,life,n.,提到、言及、陈述,v.,6194,0.836,1196,0.161,提到、提及,v.,提到、提及
resolved_multi,hit,life+cet4+cet6+postgrad,n.,打击、打、冲撞,v.,34279,0.835,6748,0.164,打、打击、碰撞,v.,打、打击、碰撞
resolved_multi,complex,life+cet4+cet6+postgrad,n.,综合体、情结、络合物,adj.,4651,0.833,931,0.167,复杂的、组合的,adj.,复杂的、组合的
resolved_multi,back,life,adj.,后面的,adv.,295087,0.823,11618,0.032,向后地,adv.,回来、向后、背部
resolved_multi,ideal,cet4+cet6+postgrad,n.,理想、典范、观念,adj.,5823,0.823,879,0.124,理想的、完美的、空想的,adj.,理想的、完美的、空想的
resolved_multi,trample,cet6,n.,践踏(声)、蹂躏,v.,100,0.820,19,0.156,践踏、无视,v.,践踏、无视
resolved_multi,recall,life+cet4+cet6+postgrad,n.,回忆、召回、撤消,v.,1965,0.819,433,0.181,回想、回忆、召回,v.,回想、回忆、召回
resolved_multi,retail,cet4+cet6+postgrad,n.,零售,adj.,2529,0.818,260,0.084,零售的,adj.,零售的
resolved_multi,stand,life,n.,站立、站住、停顿,v.,28843,0.813,6646,0.187,站、立、坐落,v.,站、立、坐落
resolved_multi,pay,life,n.,薪资、付款、补偿,v.,41330,0.812,9550,0.188,支付、付清、补偿,v.,支付、工资
resolved_multi,illiterate,cet6+postgrad,n.,文盲,adj.,158,0.810,15,0.077,目不识丁的、没受教育的,adj.,目不识丁的、没受教育的
resolved_multi,blame,life+cet4+cet6+postgrad,n.,过失、责备,v.,7396,0.803,1777,0.193,责备、归咎于,v.,责备、归咎于
resolved_multi,blank,cet4+postgrad,n.,空格、空白,adj.,2102,0.800,369,0.141,空白的、空虚的、完全的,adj.,空白的、空虚的、完全的
resolved_multi,roundabout,cet6+postgrad,adj.,迂回的、委婉的,n.,857,0.799,47,0.044,迂回路线,n.,迂回路线
resolved_multi,fancy,cet4+cet6+postgrad,n.,想象力、幻想、喜好,adj.,8769,0.795,1096,0.099,想象的、精美的、新奇的,adj.,想象的、精美的、新奇的
resolved_multi,startle,cet4+cet6+postgrad,n.,惊愕、惊恐,v.,62,0.795,6,0.077,吃惊、使惊愕,v.,吃惊、使惊愕
resolved_multi,rash,cet6+postgrad,adj.,轻率的、匆忙的、鲁莽的,n.,655,0.794,143,0.173,皮疹,n.,皮疹
resolved_multi,beat,life,n.,心跳(声)、打、敲打声,v.,18787,0.790,4494,0.189,打、拍打、打败,v.,打、拍打、打败
resolved_multi,wish,life,n.,希望、愿望、祝愿,v.,17830,0.790,3429,0.152,愿、想要、希望,v.,愿、想要、希望
resolved_multi,stop,life,n.,停止、车站、逗留,v.,56472,0.788,11273,0.157,停止、被塞住,v.,停止、被塞住
resolved_multi,check,life,n.,检查、支票、阻止物,v.,19779,0.787,5367,0.213,检查、阻止、核对,v.,检查、阻止、核对
resolved_multi,locomotive,cet4+cet6+postgrad,n.,火车头、机车,adj.,338,0.784,80,0.186,运转的、火车头的、移动的,adj.,运转的、火车头的、移动的
resolved_multi,pale,cet4+cet6+postgrad,n.,栅栏、界线、范围,adj.,1189,0.784,131,0.086,苍白的、暗淡的、无力的,adj.,苍白的、暗淡的、无力的
resolved_multi,live,life,adj.,活的、生动的、精力充沛的,v.,50087,0.783,11903,0.186,活、生存、居住,v.,生活、居住、活着
resolved_multi,use,life,n.,使用、习惯、使用价值,v.,57772,0.779,14841,0.200,使用、利用、运用,v.,使用、利用
resolved_multi,official,life+cet4+cet6+postgrad,n.,官员、公务员、职员,adj.,5900,0.778,1529,0.202,公务的、官方的、正式的,adj.,公务的、官方的、正式的
resolved_multi,only,life,adj.,唯一的、仅有的、最佳的,adv.,163644,0.778,46713,0.222,只有、仅仅、只能,adv.,只、仅仅
resolved_multi,fluorescent,cet6,n.,荧光,adj.,155,0.775,21,0.105,荧光的,adj.,荧光的
resolved_multi,yellow,life,n.,黄色,adj.,10843,0.774,1735,0.124,黄色的,adj.,黄色的
resolved_multi,giggle,postgrad,v.,吃吃地笑、咯咯地笑,n.,556,0.772,23,0.032,咯咯笑、傻笑,n.,咯咯笑、傻笑
resolved_multi,fly,life,n.,苍蝇、两翼昆虫、飞行,v.,12408,0.768,3739,0.232,飞、飞翔、飘扬,v.,飞、飞翔、飘扬
resolved_multi,olive,cet6,n.,橄榄、橄榄树、橄榄色,adj.,2980,0.766,137,0.035,黄绿色的、黄褐色的、橄榄色的,adj.,黄绿色的、黄褐色的、橄榄色的
resolved_multi,look,life,n.,一看、神色、样子,v.,260714,0.765,80257,0.235,看、注意、朝着,v.,看、看起来
resolved_multi,feed,life+cet4+cet6+postgrad,n.,饲料、一餐、饲养,v.,7445,0.763,2291,0.235,喂、饲养、放牧,v.,喂、饲养、放牧
resolved_multi,scrape,cet4+cet6+postgrad,n.,刮、擦、挖,v.,618,0.761,189,0.233,刮掉、擦掉、刮出刺耳声,v.,刮掉、擦掉、刮出刺耳声
resolved_multi,comic,postgrad,n.,连环漫画、喜剧演员、滑稽的人,adj.,2304,0.760,131,0.043,滑稽的、有趣的、喜剧的,adj.,滑稽的、有趣的、喜剧的
resolved_multi,individual,life+cet4+cet6+postgrad,n.,人、个人、个体,adj.,7888,0.760,2480,0.239,个别的、个人的、独特的,adj.,个别的、个人的、独特的
resolved_multi,plural,cet4+cet6+postgrad,n.,复数,adj.,149,0.760,28,0.143,复数的、两个以上的,adj.,复数的、两个以上的
resolved_multi,drum,cet4+cet6+postgrad,n.,鼓、鼓声,v.,3281,0.757,351,0.081,击鼓、作鼓声,v.,击鼓、作鼓声
resolved_multi,worth,life,n.,价值、财产,adj.,29022,0.757,5349,0.139,值...的、值得的,adj.,值...的、值得的
resolved_multi,cordial,cet4+cet6+postgrad,n.,兴奋剂、补品,adj.,175,0.754,50,0.216,热忱的、诚恳的、有兴奋作用的,adj.,热忱的、诚恳的、有兴奋作用的
resolved_multi,help,life,n.,帮忙、帮助者、补救办法,v.,84919,0.754,27680,0.246,帮助、帮忙、接济,v.,帮助、帮忙、接济
resolved_multi,overhaul,postgrad,vt.,分解检查、翻修、精细检查,n.,531,0.749,122,0.172,分解检查、精细检查、大检修,n.,分解检查、精细检查、大检修
resolved_multi,resistant,cet4+cet6+postgrad,n.,抵抗者、反抗者,adj.,400,0.749,134,0.251,抵抗的、反抗的、耐...的,adj.,抵抗的、反抗的、耐...的
resolved_multi,alien,cet6+postgrad,n.,外国人、外侨,adj.,2354,0.748,533,0.169,外国的、相异的,adj.,外国的、相异的
resolved_multi,regret,cet4+cet6+postgrad,n.,遗憾、后悔、悔恨,v.,2770,0.748,927,0.250,为...感到遗憾、后悔、惋惜,v.,为...感到遗憾、后悔、惋惜
resolved_multi,boast,cet4+cet6+postgrad,n.,吹牛,v.,446,0.747,137,0.229,吹牛、自夸,v.,吹牛、自夸
resolved_multi,talk,life,n.,谈话、交谈、会谈,v.,49469,0.747,16668,0.252,讲话、演讲、说话,v.,讲话、演讲、说话
resolved_multi,fat,life+postgrad,n.,脂肪、脂油、肥肉,adj.,8826,0.746,1795,0.152,肥的、胖的、油腻的,adj.,肥的、胖的、油腻的
resolved_multi,wonder,life+cet4+cet6+postgrad,n.,奇迹、惊奇、惊愕,v.,17131,0.746,4937,0.215,惊奇、想知道,v.,惊奇、想知道
resolved_multi,capture,life+cet4+cet6+postgrad,n.,抓取、战利品、捕获之物,v.,2328,0.745,758,0.242,抓取、获得、迷住,v.,抓取、获得、迷住
resolved_multi,plain,cet4+cet6+postgrad,n.,平原、草原、朴实无华的东西,adj.,3413,0.743,425,0.093,简单的、明白的、平常的,adj.,简单的、明白的、平常的
resolved_multi,blue,life,n.,蓝色,adj.,21594,0.738,1408,0.048,蓝色的、下流的、忧郁的,adj.,蓝色的、下流的、忧郁的
resolved_multi,stout,cet6,adj.,结实的、矮胖的、勇敢的,n.,280,0.737,46,0.121,矮胖子、烈性啤酒,n.,矮胖子、烈性啤酒
resolved_multi,imperative,cet6+postgrad,n.,命令、必要的事、规则,adj.,434,0.736,155,0.263,命令式的、急需的、势在必行的,adj.,命令式的、急需的、势在必行的
resolved_multi,move,life,n.,移动、迁居、步骤,v.,45255,0.734,16393,0.266,移动、开动、感动,v.,移动、开动、感动
resolved_multi,cut,life,n.,切口、割伤、降低,v.,32899,0.728,9932,0.220,切、割、减少,v.,切、割、削减
resolved_multi,cool,life,n.,凉爽、凉爽的空气,adj.,17095,0.727,1305,0.056,凉爽的、冷淡的、冷静的,adj.,凉爽的、冷淡的、冷静的
resolved_multi,walk,life,n.,走、散步、步行,v.,22773,0.727,8570,0.273,走路、步行、处世,v.,走路、步行、处世
resolved_multi,set,life,n.,日落、同伙、组合,v.,54820,0.726,19470,0.258,放、安置、放置,v.,设置、放置、一套
resolved_multi,sleep,life,n.,睡眠、静止、昏迷,v.,12865,0.726,4477,0.253,睡觉、睡眠、静止,v.,睡觉、睡眠、静止
resolved_multi,push,life,n.,推、推动、奋斗,v.,12090,0.723,4583,0.274,推、推动、使伸出,v.,推、推动、使伸出
resolved_multi,bet,cet4+postgrad,n.,打赌、赌注,v.,9234,0.722,3382,0.264,打赌,v.,打赌
resolved_multi,curb,cet6+postgrad,n.,抑制、勒马绳、边石,v.,262,0.714,89,0.243,抑制、束缚、勒住,v.,抑制、束缚、勒住
resolved_multi,green,life,n.,绿色、绿色颜料,adj.,23645,0.713,1585,0.048,绿色的、未成熟的、新鲜的,adj.,绿色的、未成熟的、新鲜的
resolved_multi,tick,cet4+cet6+postgrad,n.,滴答声、一瞬间、壁虱,v.,2049,0.713,766,0.267,滴答响、活动,v.,滴答响、活动
resolved_multi,fine,life,n.,罚款、罚金、晴天,adj.,39661,0.710,9599,0.172,好的、晴朗的、健康的,adj.,好的、晴朗的、健康的
resolved_multi,run,life,n.,跑、赛跑、奔跑,v.,43767,0.709,13600,0.220,跑、奔跑、跑步,v.,跑、运行、经营
resolved_multi,snore,cet6,n.,鼾声、打鼾,v.,148,0.708,49,0.234,打鼾,v.,打鼾
resolved_multi,spread,life+cet4+cet6+postgrad,n.,传播、散布、伸展,v.,5970,0.708,2431,0.288,展开、铺开、传播,v.,展开、铺开、传播
resolved_multi,public,life+cet4+cet6+postgrad,n.,公众、民众,adj.,39617,0.707,14536,0.259,公众的、公共的、公立的,adj.,公众的、公共的
resolved_multi,pedestrian,cet6+postgrad,n.,行人、步行者,adj.,278,0.706,114,0.289,人行的、徒步的、呆板的,adj.,人行的、徒步的、呆板的
resolved_multi,shoot,life+cet4+cet6+postgrad,n.,射击、狩猎、芽,v.,4799,0.705,1932,0.284,射击、射中、损毁,v.,射击、射中、损毁
resolved_multi,gasp,cet4+cet6+postgrad,n.,喘气,v.,296,0.701,35,0.083,喘气、喘息、渴望,v.,喘气、喘息、渴望
resolved_multi,joint,cet4+cet6+postgrad,n.,连接处、接合、关节,adj.,2811,0.700,840,0.209,共同的、联合的、连接的,adj.,共同的、联合的、连接的
resolved_multi,hope,life,n.,希望、信心、期待,v.,51411,0.697,17965,0.244,希望、期望、信赖,v.,希望、期望、信赖
resolved_multi,call,life,n.,呼叫、访问、打电话,v.,48211,0.696,20758,0.300,呼叫、召集、打电话,v.,打电话、称呼、叫
resolved_multi,scare,cet4+cet6+postgrad,n.,惊吓、恐慌,v.,2089,0.695,803,0.267,惊吓、使恐慌,v.,惊吓、使恐慌
resolved_multi,grind,cet4+cet6+postgrad,n.,磨、碾、苦差,v.,600,0.694,217,0.251,磨擦、磨碎、磨光,v.,磨擦、磨碎、磨光
resolved_multi,weave,cet4+cet6+postgrad,n.,编法、织法、编织式样,v.,560,0.694,136,0.169,编织、组合、编排,v.,编织、组合、编排
resolved_multi,dip,cet4+cet6+postgrad,v.,浸、降下、把(手、勺等)伸入,n.,2330,0.693,983,0.292,浸、涉猎,n.,浸、涉猎
resolved_multi,evil,cet4+cet6+postgrad,n.,邪恶、不幸、罪恶,adj.,3918,0.691,1063,0.187,邪恶的、不幸的、有害的,adj.,邪恶的、不幸的、有害的
resolved_multi,first,life,adv.,首先、第一、优先,adj.,207020,0.691,71368,0.238,第一的,adj.,第一的
resolved_multi,play,life,n.,游戏、游玩、玩笑,v.,67930,0.689,27936,0.284,玩、游戏、假装,v.,玩、播放、演奏
resolved_multi,giant,cet4+cet6+postgrad,n.,巨人、大力士、巨大怪物,adj.,6044,0.688,1970,0.224,庞大的、巨大的,adj.,庞大的、巨大的
resolved_multi,start,life,n.,惊起、出发、开端,v.,81550,0.687,36507,0.307,开始、出发、启动,v.,开始、出发
resolved_multi,sole,cet4+cet6+postgrad,n.,脚掌、鞋底、底部,adj.,1199,0.686,401,0.229,唯一的、仅有的、单独的,adj.,唯一的、仅有的、单独的
resolved_multi,hire,life+cet4+cet6+postgrad,n.,租金、租用、雇用,v.,1495,0.684,642,0.294,雇请、出租,v.,雇请、出租
resolved_multi,stumble,cet4+cet6+postgrad,n.,绊倒、蹒跚而行、失足,v.,333,0.684,152,0.312,使绊倒、使困惑,v.,使绊倒、使困惑
resolved_multi,dislike,cet4+cet6+postgrad,n.,嫌恶,v.,451,0.681,210,0.317,讨厌、不喜欢,v.,讨厌、不喜欢
resolved_multi,maiden,cet6+postgrad,n.,年轻未婚女子、少女、处女,adj.,1108,0.680,237,0.145,未婚的、处女的、初次的,adj.,未婚的、处女的、初次的
resolved_multi,cook,life,n.,厨子、厨师,v.,14750,0.679,3696,0.170,烹调、煮饭、加热,v.,烹调、煮饭、加热
resolved_multi,routine,cet4+cet6+postgrad,n.,常规、日常工作、惯例,adj.,3365,0.679,1587,0.320,日常的、常规的,adj.,日常的、常规的
resolved_multi,transient,cet6+postgrad,n.,瞬、短期居留者、过境鸟,adj.,76,0.679,30,0.268,短暂的、易变的、瞬变的,adj.,短暂的、易变的、瞬变的
resolved_multi,cry,life,n.,叫声、哭声、大叫,v.,5000,0.677,2178,0.295,哭、叫、喊,v.,哭、叫、喊
resolved_multi,fall,life,n.,落下、瀑布、采伐量,v.,13941,0.677,6642,0.323,倒下、落下、来临,v.,落下、跌倒、秋天
resolved_multi,despatch,cet6+postgrad,v.,派遣,n.,106,0.671,20,0.127,派遣,n.,派遣
resolved_multi,switch,cet4+cet6+postgrad,n.,开关、电闸、转换,v.,3174,0.671,1537,0.325,转变、切换、摆动,v.,转变、切换、摆动
resolved_multi,guess,life,n.,猜测、臆测,v.,19509,0.669,6695,0.229,猜测、臆测,v.,猜测、臆测
resolved_multi,tremble,cet4+cet6+postgrad,n.,战栗、颤抖,v.,105,0.669,28,0.178,战栗、忧虑、摇晃,v.,战栗、忧虑、摇晃
resolved_multi,suspect,cet4+cet6+postgrad,n.,被怀疑者、嫌疑犯,v.,4923,0.668,1619,0.220,怀疑、猜想,v.,怀疑、猜想
resolved_multi,characteristic,cet4+cet6+postgrad,n.,特性、特征、特色,adj.,445,0.666,222,0.332,特性的、特有的、有特色的,adj.,特性的、特有的、有特色的
resolved_multi,fast,life,adj.,快速的、紧的,adv.,16467,0.663,8097,0.326,很快地、紧紧地、彻底地,adv.,很快地、紧紧地、彻底地
resolved_multi,split,cet4+cet6+postgrad,n.,劈开、裂片、裂缝,v.,5744,0.662,2804,0.323,分离、分开、裂开,v.,分离、分开、裂开
resolved_multi,float,cet4+cet6+postgrad,n.,漂流物、浮舟、漂浮,v.,1210,0.659,603,0.328,浮动、飘动、散播,v.,浮动、飘动、散播
resolved_multi,smash,cet4+cet6+postgrad,n.,打碎、粉碎、打碎时哗啦声,v.,1579,0.657,748,0.311,打碎、粉碎、击溃,v.,打碎、粉碎、击溃
resolved_multi,general,life+cet4+cet6+postgrad,n.,一般、将军、大体,adj.,14790,0.656,592,0.026,全面的、大体的、总的,adj.,全面的、大体的、总的
resolved_multi,urge,cet4+cet6+postgrad,n.,冲动、推动力、迫切的要求,v.,1016,0.655,532,0.343,驱策、力劝、竭力主张,v.,驱策、力劝、竭力主张
resolved_multi,commonplace,cet6+postgrad,n.,寻常事、老生常谈、普通的东西,adj.,212,0.654,110,0.340,平凡的、普通的,adj.,平凡的、普通的
resolved_multi,turn,life,n.,转弯、转动、旋转,v.,36851,0.653,19583,0.347,使旋转、转弯、转动,v.,转动、转向、轮到
resolved_multi,wrap,cet4+cet6+postgrad,n.,外套、围巾、包裹物,v.,1645,0.653,643,0.255,包装、卷、缠绕,v.,包装、卷、缠绕
resolved_multi,literate,postgrad,n.,学者,adj.,108,0.651,35,0.211,有读写能力的、精通文学的、受过教育的,adj.,有读写能力的、精通文学的、受过教育的
resolved_multi,stammer,cet6,v.,口吃、结结巴巴地说,n.,162,0.651,28,0.112,口吃、结巴,n.,口吃、结巴
resolved_primary,annual,life+cet4+postgrad,n.,年刊、年报,adj.,3957,1.000,0,0.000,每年的、一年一次的、全年的,adj.,每年的、一年一次的、全年的
resolved_primary,consequent,cet6,n.,随后发生的事情、结果,adj.,31,1.000,0,0.000,作为结果的、合乎逻辑的,adj.,作为结果的、合乎逻辑的
resolved_primary,conserve,cet4+cet6+postgrad,n.,蜜饯、果酱,v.,404,1.000,0,0.000,保存、使(能量等)守恒,v.,保存、使(能量等)守恒
resolved_primary,constant,cet4+cet6+postgrad,n.,常数、恒量,adj.,3687,1.000,0,0.000,不变的、一定的、时常的,adj.,不变的、一定的、时常的
resolved_primary,duplicate,cet6+postgrad,n.,副本、复本、复制品,v.,131,1.000,0,0.000,复制、使加倍,v.,复制、使加倍
resolved_primary,fahrenheit,cet4+cet6,adj.,华氏温度计的,n.,380,1.000,0,0.000,华氏温度计,n.,华氏温度计
resolved_primary,fundamental,cet4+cet6+postgrad,n.,基本原理、原则、基波,adj.,3803,1.000,0,0.000,基本的、重要的、原音的,adj.,基本的、重要的、原音的
resolved_primary,give,life,n.,弹性、适应性,v.,146245,1.000,0,0.000,给、授予、供给,v.,给、给予
resolved_primary,hinder,cet6+postgrad,adj.,后面的,v.,155,1.000,0,0.000,阻碍、打扰,v.,阻碍、打扰
resolved_primary,initial,life+cet4+cet6+postgrad,n.,字首、首字母,adj.,3513,1.000,0,0.000,开始的、最初的、字首的,adj.,最初的、首字母
resolved_primary,invariable,postgrad,n.,不变的东西、常数,adj.,5,1.000,0,0.000,不变的、常数的,adj.,不变的、常数的
resolved_primary,just,life,adj.,正直的、合理的、正确的,adv.,720742,1.000,75,0.000,刚刚、正好、仅仅,adv.,只是、刚刚、正好
resolved_primary,keep,life,n.,生计、维持、保持,v.,106453,1.000,0,0.000,保持、保存、遵守,v.,保持、继续
resolved_primary,notable,cet6+postgrad,n.,著名人士、值得注意之事物,adj.,487,1.000,0,0.000,值得注意的、显著的,adj.,值得注意的、显著的
resolved_primary,overthrow,cet6+postgrad,n.,推翻、瓦解、倾覆,v.,342,1.000,0,0.000,打倒、推翻、倾覆,v.,打倒、推翻、倾覆
resolved_primary,postulate,cet6,n.,假定、基本条件,v.,3,1.000,0,0.000,要求、假定,v.,要求、假定
resolved_primary,preliminary,cet4+cet6+postgrad,n.,初步做法、初步措施、预试,adj.,330,1.000,0,0.000,初步的、开始的、预备的,adj.,初步的、开始的、预备的
resolved_primary,proficient,cet6,n.,高手、专家,adj.,115,1.000,0,0.000,精通的、熟练的,adj.,精通的、熟练的
resolved_primary,requisite,cet6,n.,必需品、要素、必要物品,adj.,71,1.000,0,0.000,必要的、需要的,adj.,必要的、需要的
resolved_primary,scorn,cet4+cet6+postgrad,n.,轻蔑、藐视、嘲笑,v.,123,1.000,0,0.000,轻蔑、不屑做,v.,轻蔑、不屑做
resolved_primary,segregate,cet6+postgrad,adj.,分离的、被隔离的,v.,33,1.000,0,0.000,分离、隔离、分凝,v.,分离、隔离、分凝
resolved_primary,seldom,cet4+cet6+postgrad,adj.,不常的、稀少的,adv.,419,1.000,0,0.000,很少、不常,adv.,很少、不常
resolved_primary,settle,life+cet4+cet6+postgrad,n.,有背长椅,v.,4950,1.000,0,0.000,决定、整理、安放,v.,解决、定居、安顿
resolved_primary,shed,cet4+cet6+postgrad,n.,车棚、小屋、脱落之物,v.,4872,1.000,0,0.000,使流出、放射、脱落,v.,使流出、放射、脱落
resolved_primary,shove,cet6+postgrad,n.,推、挤,v.,1207,1.000,0,0.000,推挤、猛推、强使,v.,推挤、猛推、强使
resolved_primary,still,life,n.,蒸馏室、寂静、剧照,adv.,175713,1.000,0,0.000,仍然、更、静止地,adv.,仍然、还是
resolved_primary,terminate,cet6+postgrad,adj.,有结尾的、(可)结束的,v.,136,1.000,0,0.000,结束、终止、满期,v.,结束、终止、满期
resolved_primary,thank,life,n.,谢意、感谢,v.,149808,1.000,0,0.000,谢谢、感谢,v.,感谢、谢谢
resolved_primary,tough,life+cet4+cet6+postgrad,n.,恶棍,adj.,26445,1.000,0,0.000,强硬的、艰苦的、坚固的,adj.,艰难的、强硬的
resolved_primary,utmost,cet4+cet6+postgrad,n.,极限、最大限度、极度,adj.,471,1.000,0,0.000,极度的、最远的,adj.,极度的、最远的
resolved_primary,ahead,life,adj.,领先的、预先的、向前的,adv.,28290,0.999,0,0.000,领先、预先、向前,adv.,领先、预先、向前
resolved_primary,convert,cet4+cet6+postgrad,n.,皈依者、改变宗教信仰者,v.,1950,0.999,0,0.000,使改变信仰、转换、兑换,v.,使改变信仰、转换、兑换
resolved_primary,employ,life+cet4+cet6+postgrad,n.,雇用,v.,1697,0.999,0,0.000,雇用、使用、使从事于,v.,雇用、使用、使从事于
resolved_primary,even,life,adj.,平坦的、相等的、连贯的,adv.,143446,0.999,85,0.001,甚至、实际上、完全,adv.,甚至、即使
resolved_primary,impress,cet4+cet6+postgrad,n.,印象、特征、印记,v.,3379,0.999,5,0.001,使有印象、印、铭刻,v.,使有印象、印、铭刻
resolved_primary,oriental,cet4+cet6+postgrad,n.,东方人、亚洲人,adj.,838,0.999,1,0.001,东方诸国的、亚洲的、东方的,adj.,东方诸国的、亚洲的、东方的
resolved_primary,particular,life+cet4+cet6+postgrad,n.,一项(或条、点)、个别项目、详细说明,adj.,20991,0.999,7,0.000,特别的、独有的、挑剔的,adj.,特别的、独有的、挑剔的
resolved_primary,accessory,cet4+cet6+postgrad,n.,附件、零件、附加物,adj.,423,0.998,0,0.000,附属的、补充的、同谋的,adj.,附属的、补充的、同谋的
resolved_primary,articulate,cet6+postgrad,adj.,发音清晰的、口才好的,v.,471,0.998,0,0.000,明白地说、以关节连接、使成为系统的整体,v.,明白地说、以关节连接、使成为系统的整体
resolved_primary,essential,life+cet4+cet6+postgrad,n.,要素、要点、本质,adj.,5277,0.998,0,0.000,必要的、重要的、本质的,adj.,必不可少的、本质的
resolved_primary,integral,cet6+postgrad,n.,整体、积分、整数,adj.,555,0.998,0,0.000,固有的、整体的、整数的,adj.,固有的、整体的、整数的
resolved_primary,ornamental,cet6,n.,装饰物、观赏植物,adj.,454,0.998,0,0.000,装饰性的、装饰的、观赏用的,adj.,装饰性的、装饰的、观赏用的
resolved_primary,slight,cet4+cet6+postgrad,n.,轻蔑、怠慢,adj.,3941,0.998,0,0.000,轻微的、纤细的、脆弱的,adj.,轻微的、纤细的、脆弱的
resolved_primary,solid,life+cet4+cet6+postgrad,n.,固体,adj.,7536,0.998,0,0.000,坚硬的、稳固的、固体的,adj.,坚硬的、稳固的、固体的
resolved_primary,tackle,cet6+postgrad,n.,工具、复滑车、滑车,v.,7841,0.998,6,0.001,固定、处理、抓住,v.,固定、处理、抓住
resolved_primary,soak,cet4+cet6+postgrad,n.,浸、湿透、大雨,v.,1206,0.997,2,0.002,使上下湿透、浸、吸入,v.,使上下湿透、浸、吸入
resolved_primary,somewhat,life+cet4+cet6+postgrad,n.,某物、几分,adv.,2157,0.997,5,0.002,多少、几分,adv.,有点、稍微
resolved_primary,special,life+cet4+cet6+postgrad,n.,专辑、专车、号外,adj.,42360,0.997,105,0.002,特别的、专门的、特殊的,adj.,特别的、特殊的
resolved_primary,alike,cet4+cet6+postgrad,adj.,相似的、同样的,adv.,1136,0.996,1,0.001,一样、以同样的方式,adv.,一样、以同样的方式
resolved_primary,good,life,n.,善行、好处、利益,adj.,452358,0.996,826,0.002,好的、优良的、上等的,adj.,好的、良好的
resolved_primary,implement,cet4+cet6+postgrad,n.,工具、器具、手段,v.,1682,0.996,5,0.003,实现、使生效、执行,v.,实现、使生效、执行
resolved_primary,negative,life+cet4+cet6+postgrad,n.,否定、否定语、负数,adj.,4364,0.996,15,0.003,否定的、消极的、负的,adj.,否定的、消极的、负的
resolved_primary,neutral,cet4+cet6+postgrad,n.,中立者、中立国、非彩色,adj.,1493,0.996,0,0.000,中立的、中性的、无色的,adj.,中立的、中性的、无色的
resolved_primary,shut,life+cet4+cet6+postgrad,n.,关闭,v.,14289,0.996,3,0.000,关上、闭起、幽禁,v.,关上、闭起、幽禁
resolved_primary,solitary,cet6+postgrad,n.,独居者,adj.,777,0.996,0,0.000,孤独的、独居的,adj.,孤独的、独居的
resolved_primary,stir,life+cet4+cet6+postgrad,n.,骚动、轰动、搅动,v.,3022,0.996,6,0.002,移动、摇动、激起,v.,移动、摇动、激起
resolved_primary,fold,cet4+cet6+postgrad,n.,折层、折、羊栏,v.,2192,0.995,2,0.001,折叠、包、合拢,v.,折叠、包、合拢
resolved_primary,haunt,cet6,n.,常到的地方、生息地,v.,608,0.995,0,0.000,常到、出没于、萦绕于,v.,常到、出没于、萦绕于
resolved_primary,masculine,cet6+postgrad,n.,阳性、男性,adj.,431,0.995,0,0.000,男性的、阳性的、有丈夫气的,adj.,男性的、阳性的、有丈夫气的
resolved_primary,moral,life+cet4+cet6+postgrad,n.,道德、品行、寓意,adj.,3850,0.995,0,0.000,道德的、品性端正的、精神上的,adj.,道德的、品性端正的、精神上的
resolved_primary,stroll,cet6+postgrad,n.,闲逛、漫步,v.,788,0.995,0,0.000,闲逛、漫步,v.,闲逛、漫步
resolved_primary,basic,life+cet4+postgrad,n.,基本原理、要素、基本规律,adj.,7351,0.994,16,0.002,基本的、碱性的,adj.,基本的、基础的
resolved_primary,primitive,cet4+cet6+postgrad,n.,原始人、早期艺术家,adj.,669,0.994,0,0.000,原始的、上古的,adj.,原始的、上古的
resolved_primary,very,life,adj.,真正的、恰好的、十足的,adv.,516598,0.994,2382,0.005,非常、完全,adv.,非常、很
resolved_primary,wrestle,cet6,n.,摔跤、角力、扭斗,v.,484,0.994,0,0.000,摔跤、搏斗、斗争,v.,摔跤、搏斗、斗争
resolved_primary,addict,cet6+postgrad,vt.,使沉溺、使上瘾,n.,675,0.993,0,0.000,入迷的人、上瘾者,n.,入迷的人、上瘾者
resolved_primary,avail,cet6+postgrad,vi.,有用、有利,n.,150,0.993,1,0.007,效用、利益,n.,效用、利益
resolved_primary,chat,postgrad,n.,闲谈,v.,7876,0.993,0,0.000,闲谈、聊天,v.,闲谈、聊天
resolved_primary,gather,life+cet4+cet6+postgrad,n.,集合、聚集,v.,3926,0.993,1,0.000,聚集、集合、渐增,v.,聚集、集合、渐增
resolved_primary,offset,cet6+postgrad,n.,抵消、把...并列、旁系,v.,431,0.993,0,0.000,弥补、抵消、胶印,v.,弥补、抵消、胶印
resolved_primary,scan,cet4+cet6+postgrad,n.,审视、浏览、扫描,v.,2461,0.993,7,0.003,细看、浏览、扫描,v.,细看、浏览、扫描
resolved_primary,want,life,n.,需要的东西、缺乏、贫困,v.,335558,0.993,1,0.000,要、希望、应该,v.,想要、需要
resolved_primary,hide,life+cet4+cet6+postgrad,n.,兽皮、迹象、躲藏处,v.,9142,0.992,1,0.000,藏、隐瞒、遮避,v.,隐藏、躲藏
resolved_primary,overturn,postgrad,n.,倾覆、破灭、革命,v.,234,0.992,2,0.008,推翻、颠倒,v.,推翻、颠倒
resolved_primary,torment,cet6+postgrad,n.,使人痛苦的东西、折磨者、苦痛,v.,247,0.992,1,0.004,使苦恼、纠缠、歪曲,v.,使苦恼、纠缠、歪曲
resolved_primary,assist,cet4+cet6+postgrad,n.,帮助、协助,v.,1578,0.991,3,0.002,帮助、促进,v.,帮助、促进
resolved_primary,nurture,cet6+postgrad,n.,养育、营养物、培育,v.,315,0.991,2,0.006,养育、供给营养物、教养,v.,养育、供给营养物、教养
resolved_primary,overlap,cet6+postgrad,n.,重叠、重复、部分的同时发生,v.,430,0.991,0,0.000,重叠、重复、与...同时发生,v.,重叠、重复、与...同时发生
resolved_primary,embrace,cet4+cet6+postgrad,n.,拥抱,v.,1532,0.990,7,0.005,拥抱、互相拥抱、包含,v.,拥抱、互相拥抱、包含
resolved_primary,quarrel,cet4+cet6+postgrad,n.,吵架、反目、怨言,v.,199,0.990,2,0.010,吵架、争论、挑剔,v.,吵架、争论、挑剔
resolved_primary,shrug,cet4+cet6+postgrad,n.,耸肩,v.,201,0.990,1,0.005,耸肩,v.,耸肩
resolved_primary,token,cet6+postgrad,n.,表征、记号、代币,adj.,687,0.990,0,0.000,象征的、表意的,adj.,象征的、表意的
resolved_primary,toss,cet4+cet6+postgrad,n.,投掷、抛、摇摆,v.,1524,0.990,6,0.004,投掷、猛抬、摇荡,v.,投掷、猛抬、摇荡
resolved_primary,will,life,n.,意志、决心、意愿,v.,709913,0.990,3209,0.004,用意志的力量驱使、决意、愿意,aux.,将、会、愿意
resolved_primary,cease,cet4+cet6+postgrad,n.,停止,v.,610,0.989,3,0.005,停止、终了,v.,停止、终了
resolved_primary,graze,cet6+postgrad,n.,吃草、放牧、擦伤,v.,452,0.989,0,0.000,(使)吃草、放牧、轻擦,v.,(使)吃草、放牧、轻擦
resolved_primary,ready,life,n.,预备好的状态、现款,adj.,65744,0.989,0,0.000,准备好的、备用的、可以使用的,adj.,准备好的、愿意的
resolved_primary,shower,cet4+cet6+postgrad,n.,阵雨、淋浴、一阵,v.,6584,0.989,57,0.009,淋浴、下阵雨,v.,淋浴、下阵雨
resolved_primary,degenerate,cet6+postgrad,adj.,堕落的,v.,84,0.988,0,0.000,退化、堕落,v.,退化、堕落
resolved_primary,eccentric,cet6+postgrad,n.,怪人、偏心圆,adj.,934,0.988,0,0.000,古怪的、反常的、不同圆心的,adj.,古怪的、反常的、不同圆心的
resolved_primary,erect,cet4+cet6+postgrad,adj.,直立的、竖立的、笔直的,v.,241,0.988,0,0.000,使竖立、使直立、树立,v.,使竖立、使直立、树立
resolved_primary,least,life+cet4+cet6+postgrad,n.,最少、最小、最小限度,adj.,37923,0.988,1,0.000,最少的、最小的,adj.,最少的、最小的
resolved_primary,humanitarian,cet6,n.,人道主义者、博爱者、基督凡人论者,adj.,1103,0.987,0,0.000,人道主义的、博爱的、凡人论的,adj.,人道主义的、博爱的、凡人论的
resolved_primary,latent,cet6+postgrad,adj.,潜伏性的、隐藏的,n.,76,0.987,0,0.000,隐约指纹,n.,隐约指纹
resolved_primary,static,cet4+cet6+postgrad,n.,静电、静电干扰,adj.,837,0.987,3,0.004,静态的、静止的、固有的,adj.,静态的、静止的、固有的
resolved_primary,squat,cet6,n.,蹲、窝,adj.,435,0.986,0,0.000,蹲着的、矮胖的,adj.,蹲着的、矮胖的
resolved_primary,bound,cet4+cet6+postgrad,n.,跃、回跳、范围,v.,4347,0.985,0,0.000,跳跃、弹起,v.,跳跃、弹起
resolved_primary,due,life+cet4+cet6+postgrad,n.,应得的东西、应付款,adj.,12273,0.985,0,0.000,到期的、应得的、应付的,adj.,到期的、预定的、由于
resolved_primary,hamper,cet6+postgrad,n.,食篮、阻碍物、食盒,v.,333,0.985,3,0.009,阻碍、使困累、妨碍,v.,阻碍、使困累、妨碍
resolved_primary,oral,cet4+cet6+postgrad,n.,口试,adj.,527,0.985,0,0.000,口头的、口述的、口部的,adj.,口头的、口述的、口部的
resolved_primary,chop,cet4+cet6+postgrad,n.,肋条肉、排骨、砍,v.,3922,0.984,27,0.007,剁碎、砍、切击,v.,剁碎、砍、切击
resolved_primary,coordinate,cet4+cet6+postgrad,n.,同等的人(或物)、坐标,v.,127,0.984,0,0.000,(使)协调,v.,(使)协调
resolved_primary,disguise,cet4+cet6+postgrad,n.,假面目、假装,v.,1289,0.984,4,0.003,假装、隐瞒,v.,假装、隐瞒
resolved_primary,bore,cet4+cet6+postgrad,n.,令人讨厌的人、激浪、枪膛,v.,1138,0.983,10,0.009,使烦扰、钻孔,v.,使烦扰、钻孔
resolved_primary,explosive,cet4+cet6+postgrad,n.,炸药、爆破音,adj.,1467,0.983,0,0.000,易爆发的、爆炸的、暴躁的,adj.,易爆发的、爆炸的、暴躁的
resolved_primary,extra,life+cet4+cet6+postgrad,n.,额外的事物、另外的收费,adj.,20669,0.983,37,0.002,额外的、特别的,adj.,额外的、特别的
resolved_primary,stale,cet4+cet6+postgrad,n.,尿,adj.,380,0.982,0,0.000,不新鲜的、陈腐的、疲惫的,adj.,不新鲜的、陈腐的、疲惫的
resolved_primary,taper,cet6,n.,带子操作工、小蜡烛、尖细,v.,101,0.981,2,0.019,(使)一头逐渐变细、(使)逐渐减少,v.,(使)一头逐渐变细、(使)逐渐减少
resolved_primary,singular,cet4+cet6+postgrad,n.,单数,adj.,196,0.980,0,0.000,异常的、单一的,adj.,异常的、单一的
resolved_primary,stain,cet4+cet6+postgrad,n.,污染、污点、着色剂,v.,674,0.980,0,0.000,沾染、染污、着色,v.,沾染、染污、着色
resolved_primary,perpendicular,cet6,n.,垂直线、垂直的位置、直立(姿势),adj.,46,0.979,0,0.000,垂直的、直立的、陡峭的,adj.,垂直的、直立的、陡峭的
resolved_primary,pluck,cet4+cet6,n.,勇气、猛拉、动物内脏,v.,470,0.979,2,0.004,摘、猛拉、拔,v.,摘、猛拉、拔
resolved_primary,worthy,cet4+cet6+postgrad,n.,杰出人物,adj.,2136,0.979,1,0.000,有价值的、可敬的、值得的,adj.,有价值的、可敬的、值得的
resolved_primary,carry,life,n.,进位、射程、运载,v.,17440,0.978,7,0.000,携带、运送、支持,v.,携带、搬运、承载
resolved_primary,ultrasonic,cet6,n.,超声波,adj.,44,0.978,0,0.000,超音速的,adj.,超音速的
resolved_primary,worst,cet4+cet6+postgrad,n.,最坏、最坏的时候,adj.,16212,0.978,0,0.000,最坏的、最恶劣的、最不利的,adj.,最坏的、最恶劣的、最不利的
resolved_primary,final,life+cet4+postgrad,n.,期末考试、结局、决赛,adj.,57425,0.977,0,0.000,最后的、终极的、决定性的,adj.,最后的、最终的
resolved_primary,raw,cet4+cet6+postgrad,n.,擦伤处、半成品,adj.,4088,0.977,19,0.005,生的、未加工的、生疏的,adj.,生的、未加工的、生疏的
resolved_primary,meet,life,n.,会、集会,v.,50029,0.976,0,0.000,遇见、引见、认识,v.,遇见、会面
resolved_primary,variable,life+cet4+cet6+postgrad,n.,易变的事物、变数、可变物,adj.,444,0.976,3,0.007,可变的、不定的、易变的,adj.,可变的、不定的、易变的
resolved_primary,radical,cet4+cet6+postgrad,n.,激进分子、词根、基础,adj.,3839,0.975,0,0.000,激进的、根本的、基本的,adj.,激进的、根本的、基本的
resolved_primary,worse,cet4+cet6+postgrad,n.,更坏的事、更恶劣的事、败局,adj.,19466,0.974,0,0.000,更坏的、更恶劣的,adj.,更坏的、更恶劣的
resolved_primary,full,life,n.,全部、完整,adj.,49001,0.973,16,0.000,充满的、完全的、丰富的,adj.,满的、完整的
resolved_primary,irregular,cet4+cet6,n.,不规则物、不合规格之物,adj.,321,0.973,0,0.000,不规则的、不整齐的、不合法的,adj.,不规则的、不整齐的、不合法的
resolved_primary,mop,cet6,n.,拖把、鬼脸,v.,568,0.973,0,0.000,用拖把洗擦、擦、拭,v.,用拖把洗擦、擦、拭
resolved_primary,external,cet4+cet6+postgrad,n.,外部、外面,adj.,1055,0.972,0,0.000,外部的、客观的、表面的,adj.,外部的、客观的、表面的
resolved_primary,main,life+cet4+cet6+postgrad,n.,主要部分、干线、体力,adj.,27230,0.970,4,0.000,主要的、重要的、全力的,adj.,主要的、最重要的
resolved_primary,monthly,cet4+postgrad,n.,月刊,adj.,947,0.970,1,0.001,每月的、每月一次的,adj.,每月的、每月一次的
resolved_primary,shave,cet4+cet6+postgrad,n.,修面、刮胡子、幸免,v.,936,0.970,7,0.007,修面、剃、修剪,v.,修面、剃、修剪
resolved_primary,natural,life+cet4+cet6+postgrad,n.,白痴,adj.,15035,0.969,192,0.012,自然的、自然界的、本能的,adj.,自然的、天然的
resolved_primary,juvenile,postgrad,n.,少年、少年读物,adj.,424,0.968,1,0.002,少年的、不成熟的、适于少年的,adj.,少年的、不成熟的、适于少年的
resolved_primary,farther,cet4+cet6+postgrad,adj.,更远的、进一步的,adv.,146,0.967,1,0.007,更远的、此外、far的比较级,adv.,更远的、此外、far的比较级
resolved_primary,limp,cet6+postgrad,n.,跛行,adj.,436,0.967,0,0.000,柔软的、无力的、软弱的,adj.,柔软的、无力的、软弱的
resolved_primary,safe,life+cet4+cet6+postgrad,n.,保险箱、冷藏室,adj.,24539,0.967,33,0.001,安全的、可靠的、平安的,adj.,安全的、平安的
resolved_primary,censor,cet6,n.,检查员,v.,138,0.965,0,0.000,检查、审查、删改,v.,检查、审查、删改
resolved_primary,torture,cet4+cet6+postgrad,n.,拷问、苦闷,v.,1940,0.965,2,0.001,拷问、曲解、折磨,v.,拷问、曲解、折磨
resolved_primary,intermediate,cet4+cet6+postgrad,n.,中间物、调停者、中级,adj.,157,0.963,0,0.000,中间的、中级的,adj.,中间的、中级的、中间物
resolved_primary,bleach,cet6,vt.,漂白,n.,323,0.961,1,0.003,漂白、漂白剂,n.,漂白、漂白剂
resolved_primary,progressive,cet4+cet6+postgrad,n.,改革论者、进步论者,adj.,1246,0.961,0,0.000,前进的、累进的、进步的,adj.,前进的、累进的、进步的
resolved_primary,orphan,cet4+cet6+postgrad,n.,孤儿,adj.,408,0.960,0,0.000,无双亲的、孤儿的,adj.,无双亲的、孤儿的
resolved_primary,periodical,cet6+postgrad,n.,期刊,adj.,24,0.960,0,0.000,定期出版的、(有关)期刊的、间歇(性的),adj.,定期出版的、(有关)期刊的、间歇(性的)
resolved_primary,senior,life+cet4+cet6+postgrad,n.,年长者、资深者、毕业班学生,adj.,8025,0.959,4,0.000,年长的、高级的、资深的,adj.,年长的、高级的、资深的
resolved_primary,vent,cet6,n.,排气口、出口、通风孔,v.,481,0.958,1,0.002,发泄、排出、给...开孔,v.,发泄、排出、给...开孔
resolved_primary,log,cet4+cet6+postgrad,n.,记录、圆木、日志,v.,2382,0.957,0,0.000,伐木、切、航行,v.,伐木、切、航行
resolved_primary,rough,cet4+cet6+postgrad,n.,粗糙的东西、毛坯、未加工品,adj.,5538,0.956,0,0.000,粗糙的、粗暴的、蓬乱的,adj.,粗糙的、粗暴的、蓬乱的
resolved_primary,own,life,n.,自己的,adj.,100399,0.955,1,0.000,自己的、嫡亲的、同胞的,adj.,自己的、拥有
resolved_primary,spark,cet4+cet6+postgrad,n.,火花、火星、闪光,v.,1372,0.955,6,0.004,闪光、发火花、求婚,v.,闪光、发火花、求婚
resolved_primary,glide,cet4+cet6+postgrad,n.,滑动、滑过、流水,v.,433,0.954,0,0.000,滑动、滑翔、溜走,v.,滑动、滑翔、溜走
resolved_primary,hinge,cet6+postgrad,n.,铰链、关键、枢纽,v.,348,0.953,0,0.000,装铰链,v.,装铰链
resolved_primary,well,life,n.,井、泉水、源泉,adv.,515400,0.953,1492,0.003,很好地、适当地、好意地,adv.,很好地、健康的
resolved_primary,sow,cet4+cet6+postgrad,n.,母猪、懒胖女人,v.,802,0.952,2,0.002,播种、散布、使密布,v.,播种、散布、使密布
resolved_primary,missionary,cet6+postgrad,n.,传教士、负有任务者、工作人员,adj.,268,0.950,0,0.000,传教的、传教士的,adj.,传教的、传教士的
resolved_primary,shallow,cet4+cet6+postgrad,n.,水浅的地方、浅滩,adj.,1417,0.950,0,0.000,浅的、肤浅的,adj.,浅的、肤浅的
resolved_primary,old,life,n.,以前、往昔,adj.,118977,0.947,0,0.000,老的、旧的、古老的,adj.,老的、旧的
resolved_primary,tuck,cet4+cet6+postgrad,n.,缝褶、活力、鼓声,v.,1237,0.947,7,0.005,打褶、卷起、挤进,v.,打褶、卷起、挤进
resolved_primary,low,life,n.,低点、低价、低,adj.,24853,0.946,173,0.007,低的、消沉的、低等的,adj.,低的、低声地
resolved_primary,convict,cet6+postgrad,n.,囚犯、罪犯,v.,310,0.945,0,0.000,宣告有罪、使知罪,v.,宣告有罪、使知罪
resolved_primary,crank,cet6,adj.,不稳的、脾气暴燥的、易怒的,v.,463,0.945,0,0.000,装曲柄,v.,装曲柄
resolved_primary,brute,cet4+cet6,n.,畜生、残忍或好色之人,adj.,405,0.944,0,0.000,残忍的、无理性的、畜生的,adj.,残忍的、无理性的、畜生的
resolved_primary,contemporary,life+cet4+cet6+postgrad,n.,同时代的人,adj.,3223,0.944,0,0.000,同时代的、属于同一时期的,adj.,当代的、同时代的
resolved_primary,overload,cet6,vt.,超载、过载、超过负荷,n.,302,0.944,0,0.000,超载、负荷过多,n.,超载、负荷过多
resolved_primary,brave,cet4+postgrad,adj.,勇敢的、美好的、华丽的,v.,8384,0.942,1,0.000,勇敢地面对,v.,勇敢地面对
resolved_primary,manifest,cet6+postgrad,n.,载货单、运货单、旅客名单,adj.,242,0.942,0,0.000,显然的、明白的,adj.,显然的、明白的
resolved_primary,modern,life,n.,现代人、有思想的人,adj.,19863,0.942,8,0.000,现代的、时髦的,adj.,现代的、近代的
resolved_primary,mere,cet4+cet6+postgrad,n.,小湖、池塘,adj.,1240,0.941,0,0.000,仅仅的、只不过的,adj.,仅仅的、只不过的
resolved_primary,next,life,n.,下一个,adj.,147219,0.939,3,0.000,下一个的、其次的、贴近的,adj.,下一个、接下来
resolved_primary,optimum,cet6+postgrad,n.,最适条件、最佳效果,adj.,206,0.936,1,0.005,最优的、最适宜的,adj.,最优的、最适宜的
resolved_primary,aside,life+cet4+postgrad,n.,小声说的话、旁白,adv.,4103,0.935,0,0.000,在一边、离开、另外,adv.,在一边、离开、另外
resolved_primary,ultimate,cet4+cet6+postgrad,n.,终极、根本、顶点,adj.,4352,0.933,0,0.000,终极的、根本的、极限的,adj.,终极的、根本的、极限的
resolved_primary,melancholy,cet6,n.,忧郁、悲哀、愁思,adj.,276,0.929,0,0.000,忧郁的、使人悲伤的、愁思的,adj.,忧郁的、使人悲伤的、愁思的
resolved_primary,little,life,n.,一点点、少许、一会儿,adj.,202168,0.928,1,0.000,小的、很少的、幼小的,adj.,小的、少量
resolved_primary,gaze,cet4+cet6+postgrad,n.,注视、凝视,v.,656,0.923,0,0.000,注视、凝视,v.,注视、凝视
resolved_primary,bankrupt,cet6+postgrad,n.,破产者,adj.,823,0.920,0,0.000,破产的,adj.,破产的
resolved_primary,medical,life+cet4+cet6+postgrad,n.,医生、体格检查,adj.,7909,0.920,0,0.000,医学的、内科的、药的,adj.,医疗的、医学的
resolved_primary,dare,cet4+cet6+postgrad,n.,挑战、挑动、大胆,v.,4595,0.918,2,0.000,敢、胆敢,v.,敢、胆敢
resolved_primary,equal,life+cet4+cet6+postgrad,n.,对手、匹敌、同辈,adj.,3753,0.918,0,0.000,相等的、平等的、胜任的,adj.,相等的、平等的
resolved_primary,narrow,life+cet4+cet6+postgrad,n.,狭窄部分、隘路,adj.,3243,0.914,0,0.000,狭窄的、仔细的、有限的,adj.,狭窄的、有限的
resolved_primary,human,life+cet4+postgrad,n.,人、人类,adj.,21340,0.912,116,0.005,人类的、似人类的、人性的,adj.,人类的、似人类的、人性的
resolved_primary,blind,cet4+cet6+postgrad,n.,蒙蔽物、窗帘,adj.,4825,0.911,0,0.000,盲目的、瞎的、不加思考的,adj.,盲目的、瞎的、不加思考的
resolved_primary,shy,cet4+cet6+postgrad,n.,惊跳、惊避,adj.,3442,0.910,5,0.001,胆怯的、畏缩的、迟疑的,adj.,胆怯的、畏缩的、迟疑的
resolved_primary,anchor,cet4+cet6+postgrad,n.,锚,v.,861,0.907,0,0.000,抛锚停泊、使固定,v.,抛锚停泊、使固定
resolved_primary,exempt,cet6+postgrad,n.,免税者、被免除义务者,adj.,313,0.907,0,0.000,免除的,adj.,免除的
resolved_primary,major,life+cet4+cet6+postgrad,n.,主修课、成年人、陆军少校,adj.,20295,0.906,18,0.001,主要的、较多的、大部分的,adj.,主要的、专业
resolved_primary,sovereign,cet6+postgrad,n.,元首、独立国,adj.,1713,0.905,0,0.000,具有主权的、至高无上的、国王的,adj.,具有主权的、至高无上的、国王的
resolved_primary,weekly,cet4+cet6+postgrad,n.,周刊、周报,adj.,1893,0.905,8,0.004,每周的、一周一次的、周刊的,adj.,每周的、一周一次的、周刊的
resolved_primary,statue,cet4+cet6+postgrad,vt.,以雕像装饰,n.,1903,0.904,0,0.000,雕像,n.,雕像
resolved_primary,African,life+cet4,n.,非洲人,adj.,5336,0.903,0,0.000,非洲的、非洲人的,adj.,非洲的、非洲人的
resolved_primary,pink,cet4+cet6+postgrad,n.,粉红色、石竹花、化身,adj.,11321,0.897,0,0.000,粉红的、石竹科的、比较激进的,adj.,粉红的、石竹科的、比较激进的
resolved_primary,hurl,cet6+postgrad,n.,用力的投掷,v.,133,0.893,0,0.000,用力投掷、发射、愤慨地说出,v.,用力投掷、发射、愤慨地说出
resolved_primary,peer,cet6+postgrad,n.,同等的人、匹敌、贵族,v.,1173,0.892,0,0.000,凝视、窥视、费力地看,v.,凝视、窥视、费力地看
resolved_primary,soar,cet6+postgrad,n.,高扬、翱翔,v.,415,0.892,1,0.002,往上飞舞、高耸、翱翔,v.,往上飞舞、高耸、翱翔
resolved_primary,sprout,postgrad,n.,芽、萌芽,v.,433,0.891,1,0.002,使发芽、摘去芽,v.,使发芽、摘去芽
resolved_primary,hollow,cet4+cet6+postgrad,n.,洞、窟窿、山谷,adj.,919,0.890,1,0.001,空的、虚伪的、空腹的,adj.,空的、虚伪的、空腹的
resolved_primary,superior,cet4+cet6+postgrad,n.,长者、占优势的人、上级,adj.,951,0.890,0,0.000,上级的、出众的、高傲的,adj.,上级的、出众的、高傲的
resolved_primary,archive,postgrad,vt.,把...存档,n.,1006,0.889,0,0.000,档案馆、档案文件,n.,档案馆、档案文件
resolved_primary,stack,cet4+cet6+postgrad,n.,堆叠、堆、大量,v.,1365,0.889,5,0.003,堆积、堆满、暗中对...做手脚,v.,堆积、堆满、暗中对...做手脚
resolved_primary,immortal,cet6,n.,不朽人物、神仙,adj.,379,0.888,2,0.005,永远的、不死的、长久的,adj.,永远的、不死的、长久的
resolved_primary,sharp,cet4+cet6+postgrad,n.,半升音调、利刃、骗子,adj.,6402,0.887,1,0.000,锋利的、明显的、敏锐的,adj.,锋利的、明显的、敏锐的
resolved_primary,northward,cet6,n.,北方、北,adv.,29,0.879,0,0.000,向北,adv.,向北
resolved_primary,wild,life+cet4+cet6+postgrad,n.,荒野、荒地,adj.,15973,0.878,0,0.000,野性的、野蛮的、野生的,adj.,野性的、野蛮的、野生的
resolved_primary,snatch,cet6+postgrad,n.,抢夺、攫取、片断,v.,514,0.877,1,0.002,夺取、攫取,v.,夺取、攫取
resolved_primary,favorite,life+cet4+postgrad,n.,喜欢的事物、幸运儿,adj.,28,0.875,1,0.031,特别受喜爱的、喜爱的、宠爱的,adj.,特别受喜爱的、喜爱的、宠爱的
resolved_primary,mute,cet4+cet6+postgrad,n.,哑子、哑音字母、弱音器,adj.,252,0.875,0,0.000,哑的、无声的、沉默的,adj.,哑的、无声的、沉默的
resolved_primary,eclipse,cet6+postgrad,n.,日食、月食、(地位名誉等的)消失,v.,428,0.872,0,0.000,引起日食、引起月食、使黯然失色,v.,引起日食、引起月食、使黯然失色
resolved_primary,digest,cet4+cet6+postgrad,n.,文摘,v.,499,0.871,0,0.000,消化,v.,消化
resolved_primary,high,life,n.,高度、高处,adj.,59207,0.871,193,0.003,高的、高级的、主要的,adj.,高的、高度
resolved_primary,loom,postgrad,n.,织布机、若隐若现的景象,v.,324,0.871,0,0.000,朦胧地出现、隐约可见、可怕地出现,v.,朦胧地出现、隐约可见、可怕地出现
resolved_primary,grumble,cet6,n.,怨言、满腹牢骚,v.,180,0.870,0,0.000,抱怨、发牢骚、发隆隆声,v.,抱怨、发牢骚、发隆隆声
resolved_primary,pine,cet4+cet6+postgrad,n.,松树、松木,v.,1702,0.870,0,0.000,消瘦、憔悴、痛苦,v.,消瘦、憔悴、痛苦
resolved_primary,Indian,life+cet4+cet6,n.,印度人、印第安人、印第安语,adj.,5276,0.868,1,0.000,印度的、印度群岛的、印第安语的,adj.,印度的、印度群岛的、印第安语的
resolved_primary,please,life,adv.,请,v.,82773,0.864,0,0.000,使高兴、合...的心意、取悦,v.,使高兴、合...的心意、取悦
resolved_primary,whistle,cet4+cet6+postgrad,n.,口哨、汽笛、啸啸声,v.,3058,0.863,2,0.001,吹口哨、鸣汽笛、发嘘嘘声,v.,吹口哨、鸣汽笛、发嘘嘘声
resolved_primary,pan,cet4+cet6+postgrad,n.,平锅、浅盘、盆地,v.,6860,0.862,0,0.000,上下左右移动、摇镜头、淘洗,v.,上下左右移动、摇镜头、淘洗
resolved_primary,western,life,n.,西方人、西部片、西部小说,adj.,7201,0.854,0,0.000,向西方的、来自西方的、西方的,adj.,向西方的、来自西方的、西方的
resolved_primary,independent,life+cet4+cet6+postgrad,n.,独立自主者、无党派者,adj.,9728,0.852,1,0.000,独立的、有主见的、不须依赖的,adj.,独立的、自主的
resolved_primary,subordinate,cet6+postgrad,n.,属下、附属物,adj.,46,0.852,3,0.056,下级的、次要的、附属的,adj.,下级的、次要的、附属的
resolved_primary,damp,cet4+cet6+postgrad,n.,潮湿、湿气,adj.,3730,0.851,0,0.000,潮湿的,adj.,潮湿的
resolved_primary,Swiss,cet4+cet6,n.,瑞士人、瑞士腔调,adj.,1556,0.846,9,0.005,瑞士的、瑞士风格的,adj.,瑞士的、瑞士风格的
resolved_primary,separate,life+cet4+cet6+postgrad,n.,独立件、抽印本,adj.,7178,0.845,0,0.000,分开的、各别的、单独的,adj.,分开的、把…分开
resolved_primary,perfect,life,n.,完成时,adj.,32318,0.844,0,0.000,完美的、完好的、理想的,adj.,完美的、完全的
resolved_primary,save,life+cet4+cet6+postgrad,n.,救球,v.,19057,0.842,0,0.000,解救、挽救、储蓄,v.,保存、节省、挽救
resolved_primary,correlate,cet6+postgrad,n.,有相互关系的东西、相关物,v.,26,0.839,4,0.129,使有相互关系,v.,使有相互关系
resolved_primary,forge,cet6+postgrad,n.,熔炉、铁工厂,v.,615,0.830,0,0.000,打制、锻造、伪造,v.,打制、锻造、伪造
resolved_primary,trace,cet4+cet6+postgrad,n.,痕迹、踪迹、微量,v.,2350,0.825,0,0.000,追踪、回溯、描绘,v.,追踪、回溯、描绘
resolved_primary,overnight,cet4+cet6+postgrad,n.,前一天晚上、一夜的逗留,adj.,4506,0.813,0,0.000,通宵的、晚上的、前夜的,adj.,通宵的、晚上的、前夜的
resolved_primary,mock,cet6+postgrad,n.,嘲笑、戏弄、模仿,adj.,893,0.799,1,0.001,假的、伪造的、模拟的,adj.,假的、伪造的、模拟的
resolved_primary,black,life,n.,黑色、黑颜料,adj.,29356,0.798,90,0.002,黑色的,adj.,黑色的
resolved_primary,liberal,life+cet4+cet6+postgrad,n.,自由主义者,adj.,10872,0.796,84,0.006,慷慨的、不拘泥的、宽大的,adj.,慷慨的、不拘泥的、宽大的
resolved_primary,white,life,n.,白色、洁白、眼白,adj.,28608,0.793,59,0.002,白色的、纯洁的、白种的,adj.,白色的、纯洁的、白种的
resolved_primary,faint,cet4+cet6+postgrad,n.,昏厥、昏倒,adj.,899,0.790,3,0.003,模糊的、微弱的、无力的,adj.,模糊的、微弱的、无力的
resolved_primary,marvel,cet6,n.,奇异事物、罕见例子,v.,424,0.790,1,0.002,惊异于,v.,惊异于
resolved_primary,loose,cet4+cet6+postgrad,n.,发射、放任、放纵,adj.,4126,0.788,0,0.000,宽松的、松的、宽的,adj.,松的、宽松的、不牢固的
resolved_primary,elder,cet4+postgrad,n.,年长者、老人、前辈,adj.,630,0.783,0,0.000,年长的、资深的,adj.,年长的、资深的
resolved_primary,purple,cet4+cet6+postgrad,n.,紫色、帝位,adj.,3014,0.776,0,0.000,紫色的、帝王的、华而不实的,adj.,紫色的、帝王的、华而不实的
resolved_primary,triple,cet6+postgrad,n.,三倍数、三个一组,adj.,1410,0.770,0,0.000,三倍的,adj.,三倍的
resolved_primary,mighty,cet6,n.,有势力的人,adj.,2535,0.754,1,0.000,有势力的、强大的、有力的,adj.,有势力的、强大的、有力的
resolved_primary,bristle,cet4+cet6,n.,刚毛、猪鬃,v.,66,0.742,0,0.000,直立、发怒、充满,v.,直立、发怒、充满
resolved_primary,stern,cet4+cet6+postgrad,n.,尾部、船尾、臀,adj.,548,0.739,0,0.000,严厉的、严格的、坚定的,adj.,严厉的、严格的、坚定的
resolved_primary,European,life,n.,欧洲人,adj.,16955,0.735,1,0.000,欧洲的、欧洲人的,adj.,欧洲的、欧洲人的
resolved_primary,gross,cet4+cet6+postgrad,n.,总数、总量,adj.,1603,0.733,0,0.000,总共的、未打折扣的、恶劣的,adj.,总共的、未打折扣的、恶劣的
resolved_primary,noble,cet4+cet6+postgrad,n.,贵族,adj.,1896,0.726,0,0.000,高贵的、高尚的、贵族的,adj.,高贵的、高尚的、贵族的
resolved_primary,southern,life+cet4+cet6+postgrad,n.,南方人、男风,adj.,4588,0.720,0,0.000,向南方的、来自南方的,adj.,南方的、南部的
resolved_primary,echo,cet4+cet6+postgrad,n.,回声、回音、回波,v.,1098,0.704,0,0.000,发回声、随声附和,v.,发回声、随声附和
resolved_primary,enough,life,n.,充足、够、很多,adv.,63021,0.700,448,0.005,足够,adv.,足够
resolved_primary,brace,cet6+postgrad,n.,支柱、曲柄、支撑,v.,646,0.697,0,0.000,紧缚、支撑、激励,v.,紧缚、支撑、激励
resolved_primary,super,cet4+cet6+postgrad,n.,跑龙套角色、冗员、特级品,adj.,8503,0.692,1,0.000,上等的、特大的、超级的,adj.,上等的、特大的、超级的
resolved_primary,less,life+cet4+postgrad,n.,较少、较小,adj.,28519,0.690,1,0.000,少的、小的,adj.,少的、小的
resolved_primary,precipitate,cet6,n.,沉淀物、凝结物、结果,v.,31,0.689,4,0.089,猛抛、使陷入、促成,v.,猛抛、使陷入、促成
resolved_primary,festival,cet4+cet6+postgrad,adj.,节日的、喜庆的、快乐的,n.,4261,0.653,0,0.000,节日、庆祝、欢宴,n.,节日、庆祝、欢宴
