rank,en,pos,zh,definition,tracks,priority,issue_codes,defect_count,risk_count,heuristic_count,content_token_count,outside_vocab_ratio,advanced_token_ratio,harder_than_headword_ratio,outside_tokens,advanced_tokens
1,the,art.,这、那（用于双方明确所指的事物）,used before a noun when the reader or listener knows which person or thing you mean,life,AUTO_CLEAR,,0,0,0,8,0.000,0.250,1.000,,listener|noun
2,be,v.,是；处于；存在,"have a particular identity, quality, or position; exist",life,AUTO_CLEAR,,0,0,0,5,0.000,0.000,1.000,,
3,and,conj.,和；而且；然后,"joins words or ideas, or shows that one action follows another",life,AUTO_CLEAR,,0,0,0,8,0.000,0.000,1.000,,
4,of,prep.,……的；属于；由……组成,"shows a link such as belonging, a part of a whole, an amount, or what something contains",life,AUTO_CLEAR,,0,0,0,8,0.000,0.000,1.000,,
5,a,art.,一（个）；某一；每一,"used before a singular countable noun for one person or thing not already identified, or to mean each",life,AUTO_CLEAR,,0,0,0,10,0.100,0.300,1.000,countable,countable|noun|singular
6,in,prep.,在……里面；在……期间；穿着,"inside a place, within a period, or wearing particular clothes",life,AUTO_CLEAR,,0,0,0,7,0.000,0.000,1.000,,
7,to,prep.,到；向；给；直到,"shows a destination, a person receiving something, a limit, or a link between things",life,AUTO_CLEAR,,0,0,0,8,0.000,0.125,1.000,,destination
8,have,v.,有；经历；吃、喝；进行；必须,own or experience something; eat or drink something; do an activity; need to do something with 'to',life,AUTO_CLEAR,,0,0,0,8,0.000,0.000,1.000,,
10,it,pron.,它；用于谈论时间、天气或情况,"refers to a thing, animal, or situation; also introduces statements about time or weather",life,AUTO_CLEAR,,0,0,0,8,0.000,0.000,1.000,,
11,I,pron.,我（作主语）,the word a speaker uses as the subject when talking about themselves,life,AUTO_CLEAR,,0,0,0,5,0.000,0.000,1.000,,
12,that,det.,那、那个（修饰名词）,points to a particular person or thing that is farther away or has already been mentioned,life,AUTO_CLEAR,,0,0,0,8,0.000,0.125,1.000,,farther
13,for,prep.,为了；给；持续；对于；因为,"shows a purpose, a person helped, a period of time, a reason, or what something is exchanged for",life,AUTO_CLEAR,,0,0,0,9,0.000,0.000,1.000,,
14,you,pron.,你；你们；泛指任何人,"refers to the person or people being spoken to, or to people in general",life,AUTO_CLEAR,,0,0,0,6,0.000,0.000,1.000,,
15,he,pron.,他（作主语）,refers to a male person already mentioned or understood,life,AUTO_CLEAR,,0,0,0,6,0.000,0.000,1.000,,
16,with,prep.,和……一起；用；带有；对于,"together with someone, using something, having a feature, or feeling something towards someone",life,AUTO_CLEAR,,0,0,0,9,0.000,0.000,1.000,,
17,on,prep.,在……上；在某日；关于；通过,touching a surface; during a particular day; about a subject; using a device or service,life,AUTO_CLEAR,,0,0,0,8,0.000,0.000,1.000,,
18,do,v.,做；完成；进行；足够、合用,perform an action or task; be enough or suitable for a purpose,life,AUTO_CLEAR,,0,0,0,6,0.000,0.167,1.000,,suitable
19,say,v.,说；表明；写着；假定,express something in words; give information; ask someone to imagine a possibility,life,AUTO_CLEAR,,0,0,0,9,0.000,0.000,1.000,,
20,this,det.,这、这个（修饰名词）,"points to a person or thing nearby, just mentioned, or connected with the present time",life,AUTO_CLEAR,,0,0,0,8,0.000,0.000,1.000,,
21,they,pron.,他们、她们、它们；也可指单个人,"refers to people or things already mentioned, or one person whose gender is unstated or who uses this pronoun",life,AUTO_CLEAR,,0,0,0,11,0.091,0.182,1.000,unstated,pronoun|unstated
22,at,prep.,在（地点、时间）；朝；以；对,"shows a place, a particular time, a target, a rate, or an activity someone is doing",life,AUTO_CLEAR,,0,0,0,8,0.000,0.000,1.000,,
23,but,conj.,但是、可是；而是,joins ideas that differ or introduces something that corrects or limits what was said,life,AUTO_CLEAR,,0,0,0,8,0.000,0.000,0.875,,
24,we,pron.,我们（作主语）,refers to the speaker together with one or more other people,life,AUTO_CLEAR,,0,0,0,5,0.000,0.000,1.000,,
25,his,det.,他的（后接名词）,belonging to or connected with a male person already mentioned,life,AUTO_CLEAR,,0,0,0,6,0.000,0.000,1.000,,
26,from,prep.,从；来自；由……制成；由于,"shows where something starts, comes from, is made from, or is caused by",life,AUTO_CLEAR,,0,0,0,6,0.000,0.000,1.000,,
28,not,adv.,不；没有；并非,makes a statement negative or says that something is untrue,life,AUTO_CLEAR,,0,0,0,6,0.167,0.167,0.833,untrue,untrue
30,by,prep.,由、被；靠近；通过；不迟于,"shows who does something, a method, a nearby position, or the latest time something can happen",life,AUTO_CLEAR,,0,0,0,9,0.000,0.000,1.000,,
31,she,pron.,她（作主语）,refers to a female person already mentioned or understood,life,AUTO_CLEAR,,0,0,0,6,0.000,0.000,1.000,,
32,or,conj.,或者；还是；否则,"shows a choice between possibilities, or introduces what happens if something is not done",life,AUTO_CLEAR,,0,0,0,7,0.000,0.000,0.857,,
33,as,prep.,作为；以……身份,"shows the job, role, or purpose of someone or something",life,AUTO_CLEAR,,0,0,0,6,0.000,0.000,1.000,,
34,what,pron.,什么；所……的事物,asks about something unknown or stands for the thing that someone means,life,AUTO_CLEAR,,0,0,0,7,0.000,0.000,1.000,,
35,go,v.,去；离开；进行；变得；运行,"move to another place, leave, happen in a particular way, change state, or work",life,AUTO_CLEAR,,0,0,0,10,0.000,0.000,1.000,,
36,their,det.,他们的、她们的、它们的,"belonging to people or things mentioned, or to one person whose gender is not stated",life,AUTO_CLEAR,,0,0,0,8,0.000,0.000,1.000,,
37,can,aux.,能；可以；可能会,"shows ability, permission, or something that is possible",life,AUTO_CLEAR,,0,0,0,5,0.000,0.200,1.000,,permission
38,who,pron.,谁；引导有关人的关系从句,asks which person is meant or adds information about a person,life,AUTO_CLEAR,,0,0,0,6,0.000,0.000,1.000,,
39,get,v.,得到；拿来；到达；变得；明白,"receive or obtain something, fetch it, arrive somewhere, change into a state, or understand",life,AUTO_CLEAR,,0,0,0,9,0.000,0.111,1.000,,fetch
40,if,conj.,如果；是否,introduces a condition or asks whether something is true,life,AUTO_CLEAR,,0,0,0,6,0.000,0.000,1.000,,
41,would,aux.,将会；会（假设）；愿意；过去常常,"shows an imagined result, a polite request, a future seen from the past, or a repeated past action",life,AUTO_CLEAR,,0,0,0,11,0.091,0.091,1.000,polite,polite
42,her,det.,她的（后接名词）,belonging to or connected with a female person,life,AUTO_CLEAR,,0,0,0,4,0.000,0.000,1.000,,
43,all,det.,所有的；全部的,the whole number or amount of something,life,AUTO_CLEAR,,0,0,0,4,0.000,0.000,1.000,,
44,my,det.,我的（后接名词）,belonging to or connected with the speaker,life,AUTO_CLEAR,,0,0,0,3,0.000,0.000,1.000,,
45,make,v.,制作；使；迫使；作出；赚得,"create something, cause a result, force someone to act, or earn money",life,AUTO_CLEAR,,0,0,0,9,0.000,0.000,1.000,,
46,about,prep.,关于；涉及；在……周围,"on the subject of something, connected with it, or in different parts of a place",life,AUTO_CLEAR,,0,0,0,6,0.000,0.000,1.000,,
47,know,v.,知道；了解；认识；会,have information or understanding; be familiar with someone or something; have learned how to do something,life,AUTO_CLEAR,,0,0,0,7,0.000,0.000,1.000,,
48,will,aux.,将、会；愿意；表示请求或意愿,"shows a future action, a decision, willingness, or a request",life,AUTO_CLEAR,,0,0,0,6,0.167,0.167,1.000,willingness,willingness
50,up,adv.,向上；起来；增加；完全,towards a higher position; out of bed; to a higher amount; completely in some verb phrases,life,AUTO_CLEAR,,0,0,0,9,0.000,0.111,1.000,,verb
51,one,num.,一；一个,"the number before two, or a single person or thing",life,AUTO_CLEAR,,0,0,0,5,0.000,0.000,1.000,,
52,time,n.,时间；时刻；次数；时期,"what is measured in hours or years; a particular moment, occasion, or period",life,AUTO_CLEAR,,0,0,0,7,0.000,0.000,1.000,,
53,there,adv.,在那里；到那里；在那方面,in or to that place; at that point in an activity or discussion,life,AUTO_CLEAR,,0,0,0,4,0.000,0.000,1.000,,
54,year,n.,年；年度；学年,"a period of twelve months, usually 365 days; also a school or business period of about this length",life,AUTO_CLEAR,,0,0,0,9,0.111,0.111,1.000,twelve,twelve
55,so,adv.,如此；这么；也；确实如此,to that degree; in that way; used to avoid repeating an idea or to show the same is true,life,AUTO_CLEAR,,0,0,0,8,0.000,0.000,1.000,,
56,think,v.,认为；思考；想起；打算,"have an opinion, use your mind to consider something, remember, or plan",life,AUTO_CLEAR,,0,0,0,7,0.000,0.000,1.000,,
57,when,adv.,何时；在……时候,asks about a time or links a time to something that happens then,life,AUTO_CLEAR,,0,0,0,6,0.000,0.000,0.667,,
58,which,det.,哪一个、哪些（修饰名词）,asks someone to choose or identify something from a known group,life,AUTO_CLEAR,,0,0,0,7,0.000,0.000,0.857,,
59,them,pron.,他们、她们、它们（宾格）；也可指单个人,refers to people or things as an object; also refers to one person whose gender is unstated or who uses 'they',life,AUTO_CLEAR,,0,0,0,10,0.100,0.100,0.900,unstated,unstated
60,some,det.,一些；某个,an amount or number that is not exact; a person or thing not identified,life,P2,sense_pos_definition_conflict,0,1,0,6,0.000,0.167,1.000,,exact
61,me,pron.,我（作宾语）,the word a speaker uses for themselves as the object of a verb or after a word such as 'to',life,AUTO_CLEAR,,0,0,0,6,0.000,0.167,1.000,,verb
62,people,n.,人们；人民；民族,human beings as a group; the members of a country or a group sharing a language and culture,life,P2,sense_circular_definition,0,1,0,9,0.000,0.000,0.889,,
63,take,v.,拿；带；接受；乘坐；花费；服用,pick up or carry something; accept it; use transport; need time; put medicine into your body,life,AUTO_CLEAR,,0,0,0,11,0.000,0.091,0.909,,transport
64,out,adv.,在外；向外；熄灭；彻底,outside or away from home; towards the outside; no longer burning; completely in some verb phrases,life,AUTO_CLEAR,,0,0,0,10,0.000,0.100,1.000,,verb
65,into,prep.,进入；变成；撞上；对……有兴趣,towards the inside; changing to a new state; against something; interested in something,life,AUTO_CLEAR,,0,0,0,8,0.000,0.000,1.000,,
66,just,adv.,刚刚；只是；正好；仅仅,a very short time ago; only; exactly; by a small amount,life,P2,pos_definition_conflict,0,1,0,6,0.000,0.000,0.833,,
67,see,v.,看见；明白；会见；观看；确保,"notice with your eyes, understand, meet someone, watch something, or make sure something happens",life,AUTO_CLEAR,,0,0,0,11,0.000,0.000,0.909,,
68,him,pron.,他（作宾语）,refers to a male person as the object of a verb or after a word such as 'to',life,AUTO_CLEAR,,0,0,0,6,0.000,0.167,1.000,,verb
69,your,det.,你的；你们的（后接名词）,belonging to or connected with the person or people being spoken to,life,AUTO_CLEAR,,0,0,0,5,0.000,0.000,0.800,,
70,come,v.,来；到达；出现；来自；变成,"move towards a person or place, arrive, happen, have an origin, or reach a state",life,AUTO_CLEAR,,0,0,0,9,0.000,0.000,1.000,,
71,could,aux.,过去能；可能；可以（委婉请求）,"shows past ability, a possibility, or a polite request or suggestion",life,AUTO_CLEAR,,0,0,0,7,0.286,0.286,1.000,polite|suggestion,polite|suggestion
72,now,adv.,现在；目前；立刻,at the present time or without any more delay,life,AUTO_CLEAR,,0,0,0,4,0.000,0.250,0.750,,delay
73,than,prep.,比（引出比较对象）,introduces the second person or thing in a comparison,life,AUTO_CLEAR,,0,0,0,5,0.000,0.000,1.000,,
74,like,v.,喜欢；想要,enjoy or feel positive about someone or something; want something in polite requests with 'would',life,AUTO_CLEAR,,0,0,0,9,0.111,0.111,1.000,polite,polite
75,other,det.,其他的；另外的；其余的,"different from the one mentioned, additional, or remaining",life,P2,sense_pos_definition_conflict,0,1,0,5,0.000,0.000,0.800,,
76,how,adv.,怎样；如何；多么；多少,"asks about a method, condition, amount, or degree",life,AUTO_CLEAR,,0,0,0,5,0.000,0.000,1.000,,
77,then,adv.,然后；当时；那么,after that; at that time; in that case,life,AUTO_CLEAR,,0,0,0,2,0.000,0.000,0.500,,
78,its,det.,它的（后接名词）,belonging to or connected with a thing or animal already mentioned,life,AUTO_CLEAR,,0,0,0,6,0.000,0.000,1.000,,
79,our,det.,我们的（后接名词）,belonging to or connected with the speaker and one or more other people,life,AUTO_CLEAR,,0,0,0,5,0.000,0.000,0.600,,
80,two,num.,二；两个,the number after one and before three,life,AUTO_CLEAR,,0,0,0,3,0.000,0.000,0.667,,
81,more,det.,更多的；额外的,greater in number or amount; additional,life,P2,sense_pos_definition_conflict,0,1,0,4,0.000,0.000,1.000,,
82,these,det.,这些（后接复数名词）,points to two or more people or things nearby or currently being discussed,life,AUTO_CLEAR,,0,0,0,7,0.000,0.000,0.714,,
83,want,v.,想要；希望；需要,wish to have or do something; need something,life,AUTO_CLEAR,,0,0,0,4,0.000,0.000,1.000,,
84,way,n.,方法；道路；方向；习惯；方面,"a method of doing something, a route or direction, a usual behaviour, or an aspect",life,AUTO_CLEAR,,0,0,0,7,0.143,0.143,1.000,behaviour,behaviour
85,look,v.,看；寻找；看起来；面向,"direct your eyes, try to find something, seem a certain way, or face a direction",life,AUTO_CLEAR,,0,0,0,10,0.000,0.000,0.900,,
86,first,adj.,第一的；最早的；首要的,coming before all others in time or order; most important,life,AUTO_CLEAR,,0,0,0,5,0.000,0.000,0.400,,
87,also,adv.,也；而且,in addition to what has already been mentioned,life,AUTO_CLEAR,,0,0,0,3,0.000,0.000,1.000,,
88,new,adj.,新的；新近的；初次接触的,"made, found, or started recently; different from before; not yet familiar to someone",life,AUTO_CLEAR,,0,0,0,8,0.000,0.000,0.875,,
89,because,conj.,因为,introduces the reason why something happens or is true,life,AUTO_CLEAR,,0,0,0,5,0.000,0.000,1.000,,
90,day,n.,一天；白天；日子；时期,"a period of twenty-four hours, the hours of daylight, or a particular period in life",life,AUTO_CLEAR,,0,0,0,9,0.111,0.222,1.000,twenty,daylight|twenty
92,use,v.,使用；利用；消耗,"do something with a tool, material, or method; take an amount of a resource",life,AUTO_CLEAR,,0,0,0,7,0.000,0.000,0.857,,
93,no,det.,没有；无；不许,"not any, not a single one, or not allowed",life,AUTO_CLEAR,,0,0,0,3,0.000,0.000,0.667,,
94,man,n.,成年男子；人类（传统泛称）,an adult male person; also a traditional general word for human beings,life,AUTO_CLEAR,,0,0,0,8,0.000,0.000,0.875,,
95,find,v.,找到；发现；觉得；查明,discover something by searching or by chance; learn a fact; have an opinion based on experience,life,AUTO_CLEAR,,0,0,0,9,0.000,0.000,1.000,,
96,here,adv.,在这里；到这里；此时、此处,in or to this place; at this point in an activity or discussion,life,AUTO_CLEAR,,0,0,0,4,0.000,0.000,1.000,,
97,thing,n.,东西；事情；情况；个人物品,"an object, action, idea, situation, or item belonging to someone",life,AUTO_CLEAR,,0,0,0,7,0.000,0.000,1.000,,
98,give,v.,给；提供；使产生；举办；让步,"let someone receive something, provide a service, cause a feeling, hold an event, or stop resisting",life,AUTO_CLEAR,,0,0,0,12,0.000,0.000,1.000,,
99,many,det.,许多的（修饰可数名词）,a large number of people or things,life,P2,sense_pos_definition_conflict,0,1,0,4,0.000,0.000,0.500,,
100,well,adv.,好地；充分地；很、相当,in a good or successful way; fully; by a large amount,life,AUTO_CLEAR,,0,0,0,6,0.000,0.000,0.833,,
101,only,adv.,仅仅；只；才,"no more than the amount, person, thing, or situation mentioned",life,AUTO_CLEAR,,0,0,0,5,0.000,0.000,0.800,,
102,those,det.,那些（后接复数名词）,points to people or things farther away or already mentioned,life,AUTO_CLEAR,,0,0,0,7,0.000,0.143,0.714,,farther
103,tell,v.,告诉；讲述；吩咐；辨别；产生影响,"give someone information, relate a story, give an order, recognise a difference, or have an effect",life,AUTO_CLEAR,,0,0,0,10,0.100,0.100,0.800,recognise,recognise
105,very,adv.,非常；很；最（加强最高级）,to a high degree; used to make a description or a highest degree stronger,life,AUTO_CLEAR,,0,0,0,8,0.000,0.000,0.750,,
107,even,adv.,甚至；连……也；更加,adds something surprising or makes a comparison stronger,life,AUTO_CLEAR,,0,0,0,6,0.000,0.000,0.833,,
108,back,adv.,回来；向后；以前；归还,"towards a previous place, behind you, at an earlier time, or to the original owner",life,AUTO_CLEAR,,0,0,0,8,0.000,0.000,0.875,,
109,any,det.,任何的；一些（用于疑问或否定）,"one or more of a kind without choosing which; some, especially in questions and negative statements",life,P1,sense_obvious_truncation|sense_pos_definition_conflict,1,1,0,8,0.000,0.000,0.875,,
110,good,adj.,好的；擅长的；有益的；品行好的,"of a high standard, skilled, helpful, pleasant, or morally right",life,AUTO_CLEAR,,0,0,0,7,0.143,0.429,1.000,morally,helpful|morally|pleasant
111,woman,n.,成年女子；女性,an adult female person,life,AUTO_CLEAR,,0,0,0,3,0.000,0.000,1.000,,
112,through,prep.,穿过；贯穿；通过；由于,"from one side or end to the other, during a whole period, by a method or someone's help, or because of something",life,AUTO_CLEAR,,0,0,0,9,0.000,0.000,0.889,,
113,us,pron.,我们（作宾语）,"the speaker and one or more others, as the object of a verb or after a word such as 'with'",life,P2,pos_definition_conflict,0,1,0,6,0.000,0.167,0.667,,verb
114,life,n.,生命；一生；生活；生物；活力,being alive; the time someone is alive; a way of living; living things; energy and activity,life,AUTO_CLEAR,,0,0,0,10,0.000,0.000,0.700,,
115,child,n.,儿童；子女；深受某时代影响的人,a young person; someone's son or daughter of any age; a person strongly shaped by a particular time,life,AUTO_CLEAR,,0,0,0,11,0.000,0.000,0.909,,
117,work,v.,工作；运转；奏效；操作,"do a job or task, function correctly, have the intended effect, or operate something",life,P2,sense_circular_definition,0,1,0,8,0.000,0.125,1.000,,correctly
118,down,adv.,向下；降低；坐下；写下,towards a lower position or amount; into a sitting position; onto paper in writing,life,AUTO_CLEAR,,0,0,0,9,0.000,0.000,1.000,,
119,may,aux.,可能；可以；愿（表示祝愿）,"shows possibility, gives or asks for permission, or expresses a wish",life,AUTO_CLEAR,,0,0,0,7,0.000,0.143,0.857,,permission
120,after,prep.,在……之后；追赶；仿照、以……命名,later than or behind something; trying to catch or obtain it; copying or taking a name from someone,life,AUTO_CLEAR,,0,0,0,10,0.000,0.000,0.900,,
121,should,aux.,应该；预计会；万一,"gives advice, shows what is expected or right, or introduces an unlikely possibility",life,AUTO_CLEAR,,0,0,0,8,0.000,0.000,0.875,,
122,call,v.,打电话；称呼；呼叫；召集；拜访,"speak by phone, give a name, shout for someone, arrange a meeting, or make a short visit",life,AUTO_CLEAR,,0,0,0,11,0.091,0.091,0.818,shout,shout
123,world,n.,世界；地球；世人；领域,the earth and its people; everyone's life and society; a particular area of activity or experience,life,AUTO_CLEAR,,0,0,0,9,0.000,0.000,0.778,,
124,over,prep.,在……上方；越过；超过；遍及；关于,above or across something; more than an amount; throughout a place or time; about a subject,life,AUTO_CLEAR,,0,0,0,7,0.000,0.000,0.857,,
125,school,n.,学校；上学；学派；鱼群,"a place for learning, time spent in education, a group sharing ideas, or a group of fish",life,AUTO_CLEAR,,0,0,0,10,0.000,0.000,0.900,,
126,still,adv.,仍然；还是；尽管如此；更加,continuing until now; despite what was said; to an even greater degree,life,AUTO_CLEAR,,0,0,0,7,0.000,0.000,0.571,,
127,try,v.,尝试；努力；试用；审理,"attempt to do something, test something to see if it works, or examine a case in court",life,AUTO_CLEAR,,0,0,0,9,0.000,0.000,0.778,,
130,last,adj.,最后的；上一个的；剩下最后的,coming after all others; immediately before the present one; remaining when the rest are gone,life,AUTO_CLEAR,,0,0,0,8,0.000,0.000,0.500,,
131,ask,v.,问；请求；邀请；索价,"request information or something you need, invite someone, or name the price you want",life,AUTO_CLEAR,,0,0,0,9,0.000,0.000,0.889,,
132,need,v.,需要；有必要,require something because it is necessary or important,life,AUTO_CLEAR,,0,0,0,4,0.000,0.000,1.000,,
133,too,adv.,太、过于；也；还,more than is wanted or suitable; in addition to another person or thing,life,AUTO_CLEAR,,0,0,0,6,0.000,0.167,0.667,,suitable
134,feel,v.,感觉；触摸；认为；摸起来,"experience a physical or emotional state, touch something, have an opinion, or seem a certain way when touched",life,AUTO_CLEAR,,0,0,0,11,0.000,0.000,0.909,,
135,three,num.,三；三个,the number after two and before four,life,AUTO_CLEAR,,0,0,0,3,0.000,0.000,0.667,,
137,state,n.,状态；州；国家；政府,a condition; a major area with its own government within a country; or a country and its government,life+cet4+cet6+postgrad,AUTO_CLEAR,,0,0,0,8,0.000,0.000,1.000,,
138,never,adv.,从不；从未；绝不,not at any time or on any occasion,life,AUTO_CLEAR,,0,0,0,2,0.000,0.000,0.500,,
139,become,v.,变成；变得；适合、使好看（正式）,"start to be something different; suit someone or make them look attractive, in formal use",life,AUTO_CLEAR,,0,0,0,10,0.000,0.000,0.700,,
140,between,prep.,在……之间；由……共同；往来于,"in the space or time separating people or things, shared by them, or linking them",life,AUTO_CLEAR,,0,0,0,7,0.000,0.000,0.571,,
141,high,adj.,高的；大量的；高级的；高音的；陶醉的,"far above the ground, large, important, or near the top of a sound range; also very excited or affected by drugs",life,P2,sense_circular_definition,0,1,0,11,0.000,0.091,1.000,,excited
142,something,pron.,某事；某物；重要或出色的事物,a thing not named or not known; sometimes a thing considered important or impressive,life,P2,pos_definition_conflict,0,1,0,8,0.000,0.125,0.625,,impressive
143,really,adv.,真的；实际上；非常,in fact or truly; to a great degree,life,AUTO_CLEAR,,0,0,0,4,0.000,0.000,1.000,,
144,most,det.,大多数的；最多的,more than half of a group or amount; the greatest number or amount,life,P2,sense_pos_definition_conflict,0,1,0,6,0.000,0.000,1.000,,
145,another,det.,另一个的；再一个的；不同的,one more or a different person or thing,life,AUTO_CLEAR,,0,0,0,4,0.000,0.000,0.500,,
146,much,det.,许多的；大量的（修饰不可数名词）,"a large amount of something, especially in questions or negative statements",life,P2,sense_pos_definition_conflict,0,1,0,7,0.000,0.000,0.857,,
147,family,n.,家庭；家人；家族；同类群体；科,people related to one another; parents and children; a group of related things or living things,life,AUTO_CLEAR,,0,0,0,11,0.000,0.000,0.455,,
148,own,adj.,自己的；亲自的,"belonging especially to the person mentioned, or done by that person without help",life,AUTO_CLEAR,,0,0,0,8,0.000,0.000,0.875,,
150,leave,v.,离开；留下；使处于；遗留；交给,"go away, let something remain, cause a state, or give a task or property to someone",life,P2,sense_circular_definition,0,1,0,11,0.000,0.000,0.636,,
151,put,v.,放；使处于；表达；投入,"place something somewhere, cause a state, express an idea, or use time and effort for something",life,AUTO_CLEAR,,0,0,0,11,0.000,0.000,0.545,,
152,old,adj.,年老的；旧的；从前的；……岁的,having lived or existed a long time; used before; from an earlier period; of a stated age,life,AUTO_CLEAR,,0,0,0,9,0.000,0.000,0.667,,
153,while,conj.,当……时；虽然；而（表示对比）,during the time that; although; used to contrast two situations,life,AUTO_CLEAR,,0,0,0,6,0.000,0.000,0.500,,
154,mean,v.,意思是；意味着；打算；对……重要,"express an idea, involve a result, intend to do something, or have importance for someone",life,AUTO_CLEAR,,0,0,0,8,0.000,0.000,0.875,,
156,keep,v.,保持；保留；继续；遵守；饲养,"remain in a state, hold on to something, continue an action, follow a promise, or care for animals",life,AUTO_CLEAR,,0,0,0,10,0.000,0.000,0.800,,
157,student,n.,学生；专门研究某事的人,"a person studying at a school or college, or someone who studies a particular subject carefully",life,AUTO_CLEAR,,0,0,0,9,0.000,0.000,0.889,,
158,why,adv.,为什么；……的原因,asks for a reason or introduces an explanation of a reason,life,AUTO_CLEAR,,0,0,0,5,0.000,0.000,0.800,,
159,let,v.,让；允许；出租；假设,"allow something, rent property to someone, or ask someone to imagine or accept a starting point",life,AUTO_CLEAR,,0,0,0,11,0.000,0.091,0.818,,rent
160,great,adj.,很棒的；伟大的；巨大的；重要的,"very good, very large, very important, or deserving much respect",life,AUTO_CLEAR,,0,0,0,6,0.000,0.000,0.667,,
161,same,adj.,相同的；同一个的；未改变的,not different; exactly the person or thing already mentioned; unchanged,life,P2,sense_pos_definition_conflict,0,1,0,7,0.143,0.143,0.857,unchanged,unchanged
162,big,adj.,大的；重要的；年长的；受欢迎的,"large in size or amount, important, older, or very successful and popular",life,AUTO_CLEAR,,0,0,0,7,0.000,0.000,0.857,,
163,group,n.,组；群体；团体；乐队；集团,people or things together or connected; a music band; companies under shared ownership,life,AUTO_CLEAR,,0,0,0,9,0.000,0.111,0.778,,ownership
164,begin,v.,开始；起始,start doing something or start to happen or exist,life,AUTO_CLEAR,,0,0,0,5,0.000,0.000,0.800,,
165,seem,v.,似乎；好像；看来,"appear to be true or have a quality, although you are not completely sure",life,AUTO_CLEAR,,0,0,0,6,0.000,0.000,1.000,,
166,country,n.,国家；乡村；地区；乡村音乐,a nation; land away from towns; an area with particular features; a style of popular American music,life,AUTO_CLEAR,,0,0,0,11,0.000,0.000,1.000,,
167,help,v.,帮助；有助于；忍住（否定搭配中）,make something easier or better; avoid or stop an action in expressions such as 'cannot help',life,P2,circular_definition,0,1,0,10,0.100,0.100,0.600,cannot,cannot
168,talk,v.,交谈；说话；讨论,say words to someone or discuss a subject with them,life,AUTO_CLEAR,,0,0,0,5,0.000,0.000,0.800,,
169,where,adv.,在哪里；到哪里；在……的地方,asks about a place or links a place to information about it,life,AUTO_CLEAR,,0,0,0,5,0.000,0.000,0.800,,
170,turn,v.,转动；转向；变成；翻动；达到年龄,"move around a point, change direction or state, move a page over, or reach a particular age",life,AUTO_CLEAR,,0,0,0,11,0.000,0.000,0.909,,
171,problem,n.,问题；难题；麻烦；习题,"a difficulty that needs dealing with, or a question that needs an answer",life,AUTO_CLEAR,,0,0,0,6,0.000,0.000,0.667,,
172,every,det.,每一个；每隔；一切可能的,"each member of a group; at repeated intervals; or all of a kind, as in 'every effort'",life,P2,circular_definition,0,1,0,7,0.000,0.143,0.714,,intervals
173,start,v.,开始；启动；出发；惊跳,"begin an action or journey, make a machine operate, or move suddenly because of surprise",life,P2,sense_circular_definition,0,1,0,9,0.000,0.000,0.778,,
174,hand,n.,手；帮助；指针；工人；手中牌,the body part at the end of an arm; help; a clock pointer; a worker; the cards a player holds,life,P2,sense_circular_definition,0,1,0,11,0.091,0.091,0.909,pointer,pointer
175,might,aux.,可能；也许；可以（委婉建议）,"shows that something is possible, or makes a polite suggestion or request",life+cet4+postgrad,AUTO_CLEAR,,0,0,0,7,0.286,0.286,0.714,polite|suggestion,polite|suggestion
176,American,adj.,美国的；美洲的,"from or connected with the United States, or more broadly North or South America",life,AUTO_CLEAR,,0,0,0,7,0.286,0.286,0.857,america|broadly,america|broadly
177,show,v.,展示；表明；带领；教给；放映,"let someone see something, provide evidence, guide someone, explain how to do something, or present a film",life,AUTO_CLEAR,,0,0,0,12,0.000,0.000,0.667,,
178,part,n.,部分；零件；角色；作用,"one piece of a whole, a machine component, a role in a story, or a share in an activity",life+cet4+postgrad,AUTO_CLEAR,,0,0,0,9,0.000,0.000,0.889,,
180,against,prep.,反对；对抗；靠着；违反；预防,"opposing, competing with, touching for support, not following a rule, or protecting from something",life+cet4+postgrad,AUTO_CLEAR,,0,0,0,8,0.000,0.000,0.875,,
181,place,n.,地方；位置；名次；座位；职责,"a location, a position, a rank in a competition, a seat, or someone's proper role",life,AUTO_CLEAR,,0,0,0,8,0.000,0.000,1.000,,
183,such,det.,这样的；如此的,of the kind mentioned or to a great degree,life,P2,sense_pos_definition_conflict,0,1,0,4,0.000,0.000,0.750,,
184,again,adv.,再一次；又；回到原状,"one more time, or back to a previous state",life,AUTO_CLEAR,,0,0,0,5,0.000,0.000,0.200,,
185,few,det.,很少的；少数的（a few：有几个）,"not many; with 'a', a small but positive number",life,P2,sense_pos_definition_conflict,0,1,0,4,0.000,0.000,0.750,,
186,case,n.,情况；案例；案件；理由；箱盒；格,"a situation, example, legal matter, supporting argument, container, or grammatical form of a noun or pronoun",life,AUTO_CLEAR,,0,0,0,11,0.000,0.364,1.000,,container|grammatical|noun|pronoun
188,week,n.,星期；周；一周工作日,"a period of seven days, or the usual working days within it",life,AUTO_CLEAR,,0,0,0,7,0.000,0.000,0.571,,
189,company,n.,公司；陪伴；来宾；剧团；连队,"a business, being with someone, guests, a group of performers, or a military unit",life,AUTO_CLEAR,,0,0,0,7,0.143,0.143,0.857,performers,performers
191,Mr,title,先生（置于男性姓氏或全名前）,a title used before a man's family name or full name,life,AUTO_CLEAR,,0,0,0,7,0.000,0.000,0.571,,
191,system,n.,系统；制度；体系；方法,"connected parts working together, or an organised set of rules or methods",life+cet4+cet6+postgrad,AUTO_CLEAR,,0,0,0,8,0.125,0.125,0.750,organised,organised
192,each,det.,每一个（分别看待）,"every individual member of a group, considered separately",life,AUTO_CLEAR,,0,0,0,6,0.000,0.167,0.667,,separately
193,right,adj.,正确的；合适的；右边的；正当的,correct or suitable; on the side opposite the left; morally fair or acceptable,life,P2,sense_circular_definition,0,1,0,8,0.125,0.375,0.875,morally,acceptable|morally|suitable
194,program,n.,程序；计划；节目；节目单,"instructions for a computer, a planned set of activities, a broadcast, or a list of performances",life+cet4+cet6,AUTO_CLEAR,,0,0,0,8,0.000,0.125,1.000,,broadcast
195,hear,v.,听见；听说；听取；审理,"notice a sound, learn news, listen to someone's account, or consider a legal case",life,AUTO_CLEAR,,0,0,0,10,0.000,0.000,0.800,,
197,question,n.,问题；疑问；议题,"something asked to get information, a doubt, or a matter needing discussion",life,AUTO_CLEAR,,0,0,0,8,0.000,0.000,0.500,,
198,during,prep.,在……期间；在……中的某时,throughout a period or at some point within an event or period,life,AUTO_CLEAR,,0,0,0,6,0.000,0.000,1.000,,
200,play,v.,玩；比赛；演奏；播放；扮演,"take part in a game, make or present music, operate a recording, or act a role",life,AUTO_CLEAR,,0,0,0,10,0.000,0.000,0.700,,
201,government,n.,政府；治理；政体,"the people who run a country or area, or the way a country is ruled",life+cet4+cet6+postgrad,AUTO_CLEAR,,0,0,0,7,0.000,0.000,0.429,,
202,run,v.,跑；运行；经营；流动；竞选；延伸,"move fast on foot, operate, manage, flow, seek elected office, or extend in a direction",life,P2,sense_circular_definition,0,1,0,11,0.000,0.000,1.000,,
203,small,adj.,小的；少的；年幼的；不重要的,not large in size or amount; young; not very important,life,P2,sense_circular_definition,0,1,0,5,0.000,0.000,1.000,,
204,number,n.,数字；数量；号码；一首歌曲或节目,"a value used for counting, an amount, an identifying code, or a song or performance",life,P2,sense_circular_definition,0,1,0,8,0.000,0.000,0.875,,
205,off,adv.,离开；脱下；关闭；减去,"away from a place or surface, removed from the body, not operating, or reduced by an amount",life,AUTO_CLEAR,,0,0,0,8,0.000,0.000,0.875,,
206,always,adv.,总是；一直；永远；随时都可以,"at every time, throughout a period, forever, or as an available choice",life,AUTO_CLEAR,,0,0,0,7,0.000,0.000,0.714,,
207,move,v.,移动；搬家；使感动；采取行动；提议,"change position or home, cause strong feelings, take action, or formally suggest something",life,AUTO_CLEAR,,0,0,0,11,0.091,0.091,0.727,formally,formally
209,night,n.,夜晚；晚上；夜间活动,"the dark part of the day, or an evening spent doing a particular activity",life,AUTO_CLEAR,,0,0,0,7,0.000,0.000,0.571,,
210,live,v.,生活；居住；活着,"be alive, have your home in a place, or spend your life in a particular way",life,AUTO_CLEAR,,0,0,0,7,0.000,0.000,0.571,,
211,point,n.,要点；观点；目的；点；尖端；分数,"an idea, purpose, position, moment, sharp end, or unit used in scoring",life+cet4+cet6+postgrad,AUTO_CLEAR,,0,0,0,9,0.000,0.000,0.889,,
212,believe,v.,相信；认为；信任,"accept that something is true, think something is likely, or trust someone",life,AUTO_CLEAR,,0,0,0,8,0.000,0.000,0.625,,
213,hold,v.,握住；容纳；举行；保持；持有,"keep in your hand or control, contain, organise an event, or remain in a state or position",life,AUTO_CLEAR,,0,0,0,9,0.111,0.111,0.667,organise,organise
214,today,adv.,今天；如今,on this day or in the present period,life,AUTO_CLEAR,,0,0,0,3,0.000,0.000,0.667,,
215,bring,v.,带来；导致；使处于；提起诉讼,"carry something towards someone or somewhere, cause a result or state, or start a legal action",life,AUTO_CLEAR,,0,0,0,11,0.000,0.000,0.727,,
216,happen,v.,发生；碰巧；遭遇,"take place, occur by chance, or affect someone as an event",life+cet4+postgrad,AUTO_CLEAR,,0,0,0,7,0.000,0.000,0.714,,
217,next,adj.,下一个的；紧接着的；隔壁的,"immediately following in time, order, or position",life,P2,sense_pos_definition_conflict,0,1,0,5,0.000,0.000,0.800,,
218,without,prep.,没有；不带；不做某事,"not having or using something, or not doing a particular action",life,AUTO_CLEAR,,0,0,0,4,0.000,0.000,0.500,,
219,before,prep.,在……之前；在……面前；优先于,"earlier than, in front of, or more important than someone or something",life,AUTO_CLEAR,,0,0,0,5,0.000,0.000,0.800,,
220,large,adj.,大的、大量的、宽大的,above average in size or number or quantity or magnitude or extent,life,AUTO_CLEAR,,0,0,0,6,0.000,0.333,0.833,,magnitude|quantity
222,million,n.,百万、无数,the number that is represented as a one followed by 6 zeros,life,AUTO_CLEAR,,0,0,0,5,0.200,0.200,0.600,zeros,zeros
223,must,aux.,必须、一定,used to say that something is necessary or certainly true,life,AUTO_CLEAR,,0,0,0,6,0.000,0.000,0.500,,
224,home,n.,家、避难所、故乡,where you live at a particular time,life,AUTO_CLEAR,,0,0,0,3,0.000,0.000,0.333,,
225,under,prep.,在...之下、低于,"lower in rank, power, or authority",life,AUTO_CLEAR,,0,0,0,4,0.000,0.000,1.000,,
226,water,n.,水、雨水、海水,binary compound that occurs at room temperature as a clear colorless odorless tasteless liquid,life,P3,definition_too_advanced,0,0,1,10,0.400,0.600,1.000,binary|colorless|odorless|tasteless,binary|colorless|compound|liquid|odorless|tasteless
227,room,n.,房间、空位、场所,an area within a building enclosed by walls and floor and ceiling,life,AUTO_CLEAR,,0,0,0,7,0.000,0.143,1.000,,enclosed
228,write,v.,书写、著述、写,produce a literary work,life,AUTO_CLEAR,,0,0,0,3,0.000,0.000,0.667,,
229,mother,n.,母亲、修女院长,a woman who has given birth to a child (also used as a term of address to your mother),life,P2,circular_definition,0,1,0,8,0.000,0.000,0.375,,
230,area,n.,区域、面积、范围,a particular geographical region of indefinite boundary (usually serving some special purpose or distinguished by its people or culture or geography),life+cet4+postgrad,AUTO_CLEAR,,0,0,0,13,0.000,0.308,0.923,,distinguished|geographical|geography|indefinite
231,national,adj.,国家的、国立的、全国性的,of or relating to or belonging to a nation or country,life+cet4+cet6+postgrad,AUTO_CLEAR,,0,0,0,4,0.000,0.000,0.750,,
232,money,n.,金钱、一笔款、财富,the most common medium of exchange,life,AUTO_CLEAR,,0,0,0,3,0.000,0.333,1.000,,medium
233,story,n.,故事、小说、传奇,a piece of fiction that narrates a chain of related events,life,AUTO_CLEAR,,0,0,0,6,0.000,0.167,1.000,,narrates
234,young,adj.,年轻的、年幼的,having lived for only a short time,life,AUTO_CLEAR,,0,0,0,3,0.000,0.000,0.333,,
235,fact,n.,事实、真实性、真相,a piece of information about circumstances that exist or events that have occurred,life+cet4+postgrad,AUTO_CLEAR,,0,0,0,6,0.000,0.000,1.000,,
236,month,n.,月,a time unit of approximately 30 days,life,AUTO_CLEAR,,0,0,0,4,0.000,0.000,0.500,,
237,different,adj.,不同的,unlike in nature or quality or form or degree,life,AUTO_CLEAR,,0,0,0,5,0.000,0.000,1.000,,
238,lot,n.,许多、大量,a large number or amount,life,AUTO_CLEAR,,0,0,0,3,0.000,0.000,0.333,,
240,study,v.,学习、研究,applying the mind to learning and understanding a subject (especially by reading),life,AUTO_CLEAR,,0,0,0,7,0.000,0.000,1.000,,
241,book,n.,书、书籍、帐簿,a written work or composition that has been published (printed on pages bound together),life,AUTO_CLEAR,,0,0,0,8,0.000,0.000,0.750,,
242,eye,n.,眼睛、视力、看,the organ of sight,life,AUTO_CLEAR,,0,0,0,2,0.000,0.500,1.000,,organ
243,job,n.,工作、零活、职业,a specific piece of work required to be done as a duty or for a specific fee,life,AUTO_CLEAR,,0,0,0,8,0.000,0.000,0.750,,
244,word,n.,话、消息、词,a unit of language that native speakers can identify,life,AUTO_CLEAR,,0,0,0,5,0.000,0.000,1.000,,
245,though,adv.,然而、可是,(postpositive) however,life,AUTO_CLEAR,,0,0,0,2,0.500,0.500,1.000,postpositive,postpositive
246,business,n.,生意、事情、业务,a commercial or industrial enterprise and the people who constitute it,life+cet4+cet6+postgrad,AUTO_CLEAR,,0,0,0,5,0.000,0.000,0.800,,
247,four,num.,四、四个,the cardinal number that is the sum of three and one,life,AUTO_CLEAR,,0,0,0,5,0.000,0.400,0.400,,cardinal|sum
248,issue,n.,问题、议题、期号,an important question that is in dispute and must be settled,life+cet4+cet6+postgrad,AUTO_CLEAR,,0,0,0,4,0.000,0.000,0.750,,
249,side,n.,旁边、侧、方面,a place within a region identified relative to a center or reference location,life,AUTO_CLEAR,,0,0,0,8,0.000,0.000,0.875,,
250,kind,n.,种类、友善的,a category of things distinguished by some common characteristic or quality,life,AUTO_CLEAR,,0,0,0,6,0.000,0.167,0.833,,distinguished
251,head,n.,头、头脑、领袖,the upper part of the human body or the front part of the body in animals,life,AUTO_CLEAR,,0,0,0,8,0.000,0.000,0.750,,
252,far,adj.,远的、久远的、遥远的,located at a great distance in time or space or degree,life,AUTO_CLEAR,,0,0,0,6,0.000,0.000,0.667,,
253,black,n.,黑色、黑颜料,the quality or state of the achromatic color of least lightness (bearing the least resemblance to white),life,AUTO_CLEAR,,0,0,0,10,0.200,0.300,0.900,achromatic|lightness,achromatic|lightness|resemblance
254,long,adj.,长的、长久的、冗长的,primarily temporal sense,life,AUTO_CLEAR,,0,0,0,3,0.333,0.333,1.000,temporal,temporal
255,both,adj.,两者的,(used with count nouns) two considered together,life,AUTO_CLEAR,,0,0,0,6,0.000,0.167,0.667,,nouns
256,little,adj.,小的、少量,(quantifier used with mass nouns) small in quantity or degree,life,AUTO_CLEAR,,0,0,0,7,0.143,0.429,0.714,quantifier,nouns|quantifier|quantity
257,house,n.,房子、住宅、机构,a dwelling that serves as living quarters for one or more families,life,AUTO_CLEAR,,0,0,0,6,0.000,0.167,0.500,,dwelling
258,yes,adv.,是,an affirmative,life,P2,pos_definition_conflict,0,1,0,1,1.000,1.000,1.000,affirmative,affirmative
260,since,prep.,自...以后、自...以来,From the time of,life,AUTO_CLEAR,,0,0,0,1,0.000,0.000,0.000,,
262,provide,v.,提供、供应、规定,"give what is desired or needed, especially support, food or sustenance",life+cet4+cet6+postgrad,AUTO_CLEAR,,0,0,0,7,0.143,0.143,0.714,sustenance,sustenance
263,service,n.,服务、贡献、雇佣,work done by one person or group that benefits another,life,AUTO_CLEAR,,0,0,0,7,0.000,0.000,0.286,,
264,around,prep.,包围、在...周围、四处,by a circular or circuitous route,life,P3,definition_too_advanced,0,0,1,3,0.333,0.667,1.000,circuitous,circuitous|circular
265,friend,n.,朋友、支持者、赞助者,a person you know well and regard with affection and trust,life,AUTO_CLEAR,,0,0,0,6,0.000,0.167,0.667,,affection
266,important,adj.,重要的、有地位的、大量的,of great significance or value,life,AUTO_CLEAR,,0,0,0,3,0.000,0.000,0.667,,
267,father,n.,父亲、祖先、长辈,a male parent (also used as a term of address to your father),life,P2,circular_definition,0,1,0,6,0.000,0.000,0.667,,
268,sit,v.,坐、就座、坐落,be seated,life,AUTO_CLEAR,,0,0,0,1,0.000,0.000,1.000,,
269,away,adv.,离去,not present; having left,life,AUTO_CLEAR,,0,0,0,2,0.000,0.000,0.500,,
270,until,prep.,直到……为止,up to a particular time or event,life,AUTO_CLEAR,,0,0,0,3,0.000,0.000,0.667,,
271,power,n.,力、体力、力量,possession of controlling influence,life+cet4+postgrad,AUTO_CLEAR,,0,0,0,3,0.000,0.333,1.000,,possession
272,hour,n.,小时、钟头、时间,a period of time equal to 1/24th of a day,life,AUTO_CLEAR,,0,0,0,5,0.200,0.200,0.600,th,th
273,game,n.,比赛、玩耍、比分,a contest with rules to determine a winner,life,AUTO_CLEAR,,0,0,0,4,0.000,0.250,1.000,,contest
274,often,adv.,时常、常常,in many cases or instances,life,AUTO_CLEAR,,0,0,0,3,0.000,0.000,0.333,,
275,yet,adv.,还、尚、仍然,up to the present time,life,AUTO_CLEAR,,0,0,0,2,0.000,0.000,0.500,,
276,line,n.,列、线、绳,a formation of people or things one beside another,life+cet4+cet6+postgrad,AUTO_CLEAR,,0,0,0,6,0.000,0.167,0.333,,formation
277,political,adj.,政治的、政治上的、政党的,involving or characteristic of politics or parties or politicians,life+cet4+cet6+postgrad,AUTO_CLEAR,,0,0,0,5,0.000,0.000,1.000,,
278,end,n.,结束、终点、目标,either extremity of something that has length,life,AUTO_CLEAR,,0,0,0,3,0.333,0.333,0.667,extremity,extremity
279,among,prep.,在……之中,in the middle of or included in a group of people or things,life,AUTO_CLEAR,,0,0,0,5,0.000,0.000,0.400,,
280,ever,adv.,曾经、究竟、永远,at any time,life,AUTO_CLEAR,,0,0,0,1,0.000,0.000,0.000,,
281,stand,n.,站立、站住、停顿,the position where a thing or person stands,life,P2,circular_definition,0,1,0,4,0.000,0.000,0.500,,
282,bad,adj.,坏的,having undesirable or negative qualities,life,AUTO_CLEAR,,0,0,0,3,0.000,0.333,1.000,,undesirable
283,lose,v.,遗失、损失、丢失,fail to keep or to maintain,life+cet4+cet6+postgrad,AUTO_CLEAR,,0,0,0,3,0.000,0.000,0.667,,
284,however,adv.,然而、无论如何、究竟怎样,despite anything to the contrary (usually following a concession),life+cet4+postgrad,AUTO_CLEAR,,0,0,0,6,0.000,0.333,1.000,,concession|contrary
285,member,n.,成员、会员,one of the persons who compose a social group (especially individuals who have joined and participate in a group organization),life,AUTO_CLEAR,,0,0,0,11,0.000,0.091,0.727,,compose
286,pay,v.,支付、工资,"give money, usually in exchange for goods or services",life,AUTO_CLEAR,,0,0,0,6,0.000,0.000,0.333,,
287,law,n.,法律、法则、定律,the collection of rules imposed by authority,life+cet4+cet6+postgrad,AUTO_CLEAR,,0,0,0,4,0.000,0.000,1.000,,
288,meet,v.,遇见、会面,come together,life,AUTO_CLEAR,,0,0,0,2,0.000,0.000,0.500,,
289,car,n.,汽车、客车,a motor vehicle with four wheels,life,AUTO_CLEAR,,0,0,0,4,0.000,0.250,0.750,,motor
290,city,n.,城市、市,a large and densely populated urban area,life,AUTO_CLEAR,,0,0,0,5,0.400,0.400,0.600,densely|populated,densely|populated
291,almost,adv.,几乎、差不多,(of actions or states) slightly short of or not quite accomplished,life,AUTO_CLEAR,,0,0,0,6,0.000,0.000,0.833,,
292,include,v.,包括、把...算入、包住,"have as a part, be made up out of",life+cet4+cet6+postgrad,AUTO_CLEAR,,0,0,0,2,0.000,0.000,0.000,,
293,continue,v.,继续、持续,to keep doing something or keep happening without stopping,life+cet4+cet6+postgrad,AUTO_CLEAR,,0,0,0,6,0.000,0.000,0.167,,
294,set,v.,设置、放置、确定,"to put something in a position or decide a value, time, or rule",life,AUTO_CLEAR,,0,0,0,7,0.000,0.000,0.571,,
295,later,adv.,以后、随后,coming at a subsequent time or stage,life+cet4+cet6+postgrad,AUTO_CLEAR,,0,0,0,4,0.000,0.250,0.500,,subsequent
296,community,n.,社区、公众、共有,a group of people living in a particular local area,life+cet4+cet6+postgrad,AUTO_CLEAR,,0,0,0,6,0.000,0.000,0.333,,
298,name,n.,名字、名称、姓名,a language unit by which a person or thing is known,life,AUTO_CLEAR,,0,0,0,5,0.000,0.000,0.600,,
299,five,num.,五、五个,the cardinal number that is the sum of four and one,life,AUTO_CLEAR,,0,0,0,5,0.000,0.400,0.400,,cardinal|sum
300,once,adv.,一次、曾经、一旦,on one occasion,life,AUTO_CLEAR,,0,0,0,2,0.000,0.000,0.500,,
301,white,adj.,白色的,having the colour of fresh snow or milk,life,P3,high_outside_vocab_ratio,0,0,1,4,0.500,0.500,1.000,colour|milk,colour|milk
302,least,n.,最少、最小、最小限度,something that is of no importance,life+cet4+cet6+postgrad,AUTO_CLEAR,,0,0,0,2,0.000,0.000,0.500,,
303,president,n.,总统、总裁、董事长,an executive officer of a firm or corporation,life+cet4+cet6+postgrad,AUTO_CLEAR,,0,0,0,4,0.000,0.000,1.000,,
304,learn,v.,学习、认识到、得知,gain knowledge or skills,life,AUTO_CLEAR,,0,0,0,3,0.000,0.000,1.000,,
305,real,adj.,真的、真实的、实际的,being or occurring in fact or actuality,life+cet4+cet6+postgrad,AUTO_CLEAR,,0,0,0,3,0.333,0.333,0.667,actuality,actuality
306,change,v.,改变、变化、更换,to make or become different,life,AUTO_CLEAR,,0,0,0,3,0.000,0.000,0.000,,
307,team,n.,队、组,a cooperative unit (especially in sports),life+cet4+cet6+postgrad,AUTO_CLEAR,,0,0,0,4,0.000,0.250,1.000,,cooperative
308,minute,n.,分、分钟、片刻,a unit of time equal to 60 seconds or 1/60th of an hour,life,AUTO_CLEAR,,0,0,0,6,0.167,0.167,0.667,th,th
309,best,adj.,最好的、最合适的,better than all other people or things,life,AUTO_CLEAR,,0,0,0,3,0.000,0.000,0.000,,
310,several,adj.,几个的、一些的、各自的,(used with count nouns) of an indefinite number more than 2 or 3 but not many,life,AUTO_CLEAR,,0,0,0,6,0.000,0.333,0.500,,indefinite|nouns
311,idea,n.,主意、办法、理想,the content of cognition,life,AUTO_CLEAR,,0,0,0,2,0.500,0.500,1.000,cognition,cognition
312,kid,n.,孩子、小孩,a child or young person,life+cet4+postgrad,AUTO_CLEAR,,0,0,0,3,0.000,0.000,0.333,,
313,body,n.,身体、人、尸体,"the entire structure of an organism (an animal, plant, or human being)",life,AUTO_CLEAR,,0,0,0,6,0.000,0.167,1.000,,organism
314,information,n.,消息、知识、通知,a message received and understood,life,AUTO_CLEAR,,0,0,0,3,0.000,0.000,1.000,,
315,nothing,n.,无、不关紧要之事、零,a quantity of no importance,life,AUTO_CLEAR,,0,0,0,2,0.000,0.500,1.000,,quantity
316,ago,adv.,以前,gone by; or in the past,life,AUTO_CLEAR,,0,0,0,2,0.000,0.000,0.500,,
318,lead,v.,带领、领先、通向,"to guide people, be ahead, or go to a place",life+cet4+postgrad,AUTO_CLEAR,,0,0,0,5,0.000,0.000,0.400,,
319,social,adj.,社会的、群居的、社交的,relating to human society and its members,life+cet4+cet6+postgrad,AUTO_CLEAR,,0,0,0,4,0.000,0.000,0.750,,
320,understand,v.,理解、了解、领会,know and comprehend the nature or meaning of,life,AUTO_CLEAR,,0,0,0,4,0.000,0.250,0.500,,comprehend
321,whether,conj.,是否、不管,used when talking about two possibilities or expressing doubt,life,AUTO_CLEAR,,0,0,0,6,0.000,0.000,0.500,,
323,watch,v.,观看、留意,to look at something for a period of time and pay attention,life,AUTO_CLEAR,,0,0,0,6,0.000,0.000,0.333,,
324,together,adv.,一起、共同,with another person or in one group,life,AUTO_CLEAR,,0,0,0,4,0.000,0.000,0.250,,
325,follow,v.,跟随、沿行、遵循,"to travel behind, go after, come after",life+cet4+cet6+postgrad,AUTO_CLEAR,,0,0,0,4,0.000,0.000,0.500,,
327,centre,n.,中心、中央,the middle point or main part of a place or activity,cet4+cet6+postgrad,AUTO_CLEAR,,0,0,0,6,0.000,0.000,0.500,,
327,parent,n.,父母之一；亲本；母公司,A mother or father; a living thing that produces young; or a company that owns another company.,life,AUTO_CLEAR,,0,0,0,10,0.000,0.000,0.100,,
329,stop,v.,停止；阻止；停车；堵住,"To end an action, prevent something, bring a vehicle to rest, or block an opening.",life,AUTO_CLEAR,,0,0,0,9,0.000,0.000,0.667,,
330,face,n.,脸；表情；表面；正面；颜面,"The front of a head, an expression, a front or surface, or the respect other people have for someone.",life,AUTO_CLEAR,,0,0,0,8,0.000,0.000,0.750,,
331,anything,pron.,任何事物；某事物（疑问或否定句）,"Any thing at all, or a thing of any kind in questions and negative statements.",life,AUTO_CLEAR,,0,0,0,6,0.000,0.000,0.333,,
332,create,v.,创造；创作；建立；引起,To make something new or cause a situation to exist.,life+cet4+cet6+postgrad,AUTO_CLEAR,,0,0,0,6,0.000,0.000,0.500,,
333,public,adj.,公众的；公共的；公开的；政府的,"For everyone to use or know about, or connected with people in general or the government.",life+cet4+cet6+postgrad,AUTO_CLEAR,,0,0,0,7,0.000,0.000,0.429,,
334,already,adv.,已经；早已；竟然已经,"Before now or before a stated time, sometimes earlier than expected.",life,AUTO_CLEAR,,0,0,0,6,0.000,0.000,0.500,,
335,speak,v.,说话；讲某种语言；发言；表明,"To use your voice to say words, use a language, give a talk, or express an opinion or message.",life,AUTO_CLEAR,,0,0,0,11,0.000,0.000,0.455,,
336,others,pron.,其他的人或事物；其余的人或事物,People or things apart from those already mentioned.,life,AUTO_CLEAR,,0,0,0,5,0.000,0.000,0.400,,
337,read,v.,阅读；读出；理解；显示；读数,"To get meaning from written words, say them aloud, understand signs, or show or check a measurement.",life,P2,sense_circular_definition,0,1,0,11,0.000,0.182,0.364,,aloud|measurement
338,level,n.,水平；高度；数量程度；楼层；水平仪,"A height, amount, standard, or floor of a building; also a tool for checking whether a surface is horizontal.",life+cet4+cet6+postgrad,AUTO_CLEAR,,0,0,0,10,0.000,0.100,0.900,,horizontal
339,allow,v.,允许；给予；留出；承认；考虑到,"To let something happen, give or set aside time or money, or accept or take account of a fact.",life+cet4+postgrad,AUTO_CLEAR,,0,0,0,12,0.000,0.000,0.250,,
340,add,v.,添加；增加；相加；补充说,"To put something with what is already there, total numbers, or say an extra point.",life+cet4+postgrad,AUTO_CLEAR,,0,0,0,8,0.000,0.000,0.250,,
341,office,n.,办公室；办事处；事务所；公职；职务,"A place for desk work or services, or an official position with duties.",life,AUTO_CLEAR,,0,0,0,7,0.000,0.000,0.571,,
342,spend,v.,花费；度过；消耗,"To use money, time, or energy for something.",life,AUTO_CLEAR,,0,0,0,5,0.000,0.000,0.200,,
343,door,n.,门；入口；机会,"A part that opens and closes an entrance, the entrance itself, or a possible way to achieve something.",life,AUTO_CLEAR,,0,0,0,9,0.000,0.000,0.667,,
344,health,n.,健康；健康状况；运行状况,"The condition of a person's body and mind, or how well an organization or system is doing.",life,AUTO_CLEAR,,0,0,0,7,0.000,0.000,0.571,,
345,person,n.,人；本人；人身；人称,"A human being, someone's body or presence, or a grammar form showing who speaks or is spoken about.",life,AUTO_CLEAR,,0,0,0,9,0.000,0.111,0.556,,grammar
346,art,n.,艺术；艺术作品；技艺；人文学科,"Creative work such as painting or music, the things made this way, a learned skill, or subjects such as literature.",life+cet4+postgrad,AUTO_CLEAR,,0,0,0,11,0.000,0.000,0.545,,
347,sure,adj.,确信的；一定的；可靠的,"Having no doubt, certain to happen, or able to be trusted.",life,AUTO_CLEAR,,0,0,0,5,0.000,0.000,0.800,,
349,war,n.,战争；激烈斗争,"Armed fighting between countries or groups, or a determined fight against a serious problem.",life+cet4+cet6+postgrad,AUTO_CLEAR,,0,0,0,8,0.000,0.000,0.625,,
350,history,n.,历史；历史学；过去经历；记录,"Events of the past, the study of them, or a record of what happened to a person or thing.",life+cet4+cet6+postgrad,AUTO_CLEAR,,0,0,0,7,0.000,0.000,0.429,,
351,party,n.,聚会；政党；一方；一群人,"A social celebration, a political organization, a person or side in an agreement, or a group travelling together.",life,AUTO_CLEAR,,0,0,0,10,0.100,0.100,0.400,celebration,celebration
352,within,prep.,在…以内；不超过；在…内部,"Inside a place, period, group, or limit.",life+cet4+cet6+postgrad,AUTO_CLEAR,,0,0,0,5,0.000,0.000,0.600,,
353,grow,v.,生长；增长；种植；逐渐变得；培育,"To become bigger or change gradually, or help plants, a business, or another thing develop.",life,AUTO_CLEAR,,0,0,0,10,0.000,0.000,0.300,,
354,result,n.,结果；成绩；比赛结果；计算答案,"Something caused by an action, or a score or answer from a test, match, or calculation.",life+cet4+cet6+postgrad,AUTO_CLEAR,,0,0,0,8,0.000,0.125,0.875,,calculation
355,open,adj.,打开的；营业的；开放的；坦率的；未定的,Not closed or blocked; available to use; willing to discuss or accept ideas; or not yet decided.,life,P2,sense_circular_definition,0,1,0,10,0.000,0.000,0.600,,
357,morning,n.,早晨；上午,The part of a day from midnight or sunrise until noon.,life,P3,definition_too_advanced,0,0,1,5,0.200,0.600,0.600,noon,midnight|noon|sunrise
358,walk,v.,步行；陪……走；遛；保送上垒（棒球）,"To move on foot, accompany someone, exercise a dog, or, in baseball, give a player a free move to first base.",life,P2,sense_circular_definition,0,1,0,13,0.000,0.000,0.692,,
359,reason,n.,原因；理由；理智；道理,"A cause or explanation for something, or the ability to think clearly and make sensible judgments.",life,AUTO_CLEAR,,0,0,0,9,0.000,0.111,0.667,,sensible
360,low,adj.,低的；少的；低沉的；消沉的；不足的,"Not high or large, quiet or deep in sound, sad, or having little left.",life,P2,sense_circular_definition,0,1,0,8,0.125,0.125,0.500,sad,sad
360,programme,n.,节目；计划；课程；节目单；机器运行程序,"A broadcast, a planned set of activities or studies, a printed event guide, or a series of machine actions.",postgrad,AUTO_CLEAR,,0,0,0,11,0.000,0.091,0.818,,broadcast
361,win,v.,赢；获胜；赢得；争取到,"To do best in a contest, receive a prize, or gain something through effort.",life+cet4+cet6+postgrad,AUTO_CLEAR,,0,0,0,7,0.000,0.286,0.714,,contest|prize
362,research,n.,研究；调查,Careful study to discover facts or understand something better.,life+cet4+cet6+postgrad,AUTO_CLEAR,,0,0,0,7,0.000,0.000,0.286,,
363,girl,n.,女孩；少女；年轻女子,A female child or young woman.,life,AUTO_CLEAR,,0,0,0,4,0.000,0.000,0.250,,
364,guy,n.,男人、家伙；大家（guys，非正式）；拉索,"A man in informal speech; in the plural, a group of people; or a rope holding a tent or pole steady.",life+cet4+postgrad,AUTO_CLEAR,,0,0,0,11,0.091,0.364,0.636,informal,informal|plural|rope|tent
365,early,adj.,早的；初期的；提前的,Near the beginning of a period or happening before the usual or expected time.,life,AUTO_CLEAR,,0,0,0,7,0.000,0.000,0.571,,
366,food,n.,食物；食品；营养物；思考材料（比喻）,"Things eaten to live and grow; in food for thought, ideas worth thinking about.",life,P2,circular_definition,0,1,0,9,0.000,0.000,0.222,,
367,himself,pron.,他自己；他本人；他独自,"The same male person as the subject, or a word that stresses that he acts personally or alone.",life,P2,pos_definition_conflict,0,1,0,8,0.125,0.125,0.750,personally,personally
369,moment,n.,片刻；时刻；时机；重要性（正式）；力矩,"A very short time, a particular time or opportunity, importance, or the turning effect of a force.",life,AUTO_CLEAR,,0,0,0,9,0.000,0.000,0.667,,
370,air,n.,空气；空中；神态；曲调；架子,"The mixture of gases we breathe, the space above the ground, a manner or impression, a tune, or a show of importance.",life,P2,sense_circular_definition,0,1,0,10,0.000,0.100,0.900,,tune
371,teacher,n.,教师；老师；传授经验者,"A person who helps others learn, especially as a job in a school.",life,AUTO_CLEAR,,0,0,0,7,0.000,0.000,0.143,,
372,force,n.,力量；武力；影响力；部队；警力,"Physical strength, power to cause change, violent action, or a group trained for military or police work.",life+cet4+cet6+postgrad,AUTO_CLEAR,,0,0,0,12,0.000,0.000,0.667,,
373,offer,v.,提供；提议；出价；主动愿意做,"To make something available, suggest an action or price, or say you are willing to help.",life+cet4+cet6+postgrad,AUTO_CLEAR,,0,0,0,9,0.000,0.000,0.444,,
374,enough,det.,足够的,"As much or as many as needed, used with a noun.",life,P2,sense_pos_definition_conflict,0,1,0,5,0.000,0.200,0.200,,noun
376,education,n.,教育；受教育经历；教育学,"The process of teaching and learning, the knowledge gained, or the study of how people are taught.",life+cet4+postgrad,AUTO_CLEAR,,0,0,0,8,0.000,0.000,0.625,,
377,across,prep.,横过；在…对面；遍及；跨越,"From one side to another, on the opposite side, or in many parts of a place or group.",life,AUTO_CLEAR,,0,0,0,9,0.000,0.000,0.111,,
378,although,conj.,虽然；尽管；不过,Used to link facts that contrast or make each other surprising.,life+cet4+postgrad,AUTO_CLEAR,,0,0,0,6,0.000,0.000,0.500,,
379,remember,v.,记得；想起；记住去做；纪念；代问候,"To bring a fact to mind, not forget an action, keep someone's memory alive, or send greetings through another person.",life,AUTO_CLEAR,,0,0,0,13,0.000,0.077,0.615,,greetings
380,foot,n.,脚；底部；英尺；音步,"The part of the body you stand on, the bottom of something, a length of 12 inches, or a unit of rhythm in poetry.",life,AUTO_CLEAR,,0,0,0,10,0.000,0.200,0.600,,inches|rhythm
381,second,n.,秒；片刻；第二名；添的一份；次品,"One of 60 equal parts of a minute, a brief time, the place after first, an extra helping of food, or an item with a small fault.",life,AUTO_CLEAR,,0,0,0,14,0.000,0.000,0.357,,
382,boy,n.,男孩；少年；儿子；男伴们（非正式）,A male child or young person; also someone's son or a male friend in informal speech.,life,AUTO_CLEAR,,0,0,0,10,0.100,0.100,0.600,informal,informal
383,maybe,adv.,也许；大概；可能,"Used when something is possible but you are not certain, or when making a gentle suggestion.",life,AUTO_CLEAR,,0,0,0,7,0.143,0.286,0.571,suggestion,gentle|suggestion
384,toward,prep.,朝；接近；对于；用于；有助于,"In the direction of, close to a time or amount, in relation to someone, or helping to pay for or achieve something.",life+cet4+postgrad,AUTO_CLEAR,,0,0,0,10,0.000,0.000,0.600,,
385,able,adj.,能够的；能干的；有能力的,"Having the power, skill, or chance to do something, or being good at a task.",life,AUTO_CLEAR,,0,0,0,6,0.000,0.000,0.500,,
386,age,n.,年龄；时代；很长时间；老年,"How long someone or something has existed, a period of history, a very long time, or the later years of life.",life,AUTO_CLEAR,,0,0,0,11,0.000,0.000,0.273,,
388,policy,n.,政策；方针；原则；保险单,"A planned way of making decisions or acting, a personal rule, or a written insurance agreement.",life+cet4+cet6+postgrad,AUTO_CLEAR,,0,0,0,10,0.000,0.000,0.700,,
389,everything,pron.,所有事物；一切；最重要的事物,"All the things in a situation, or what matters most to someone.",life,AUTO_CLEAR,,0,0,0,4,0.000,0.000,0.750,,
390,love,n.,爱；爱情；喜爱；心爱的人；零分（网球）,"Deep care or affection, strong enjoyment, a person you care for, or a score of zero in tennis.",life,AUTO_CLEAR,,0,0,0,10,0.300,0.400,0.900,enjoyment|tennis|zero,affection|enjoyment|tennis|zero
391,process,n.,过程；程序；工序；法律程序,"A series of actions or changes leading to a result, including steps used in law, making goods, or running software.",life+cet4+cet6+postgrad,AUTO_CLEAR,,0,0,0,13,0.000,0.000,0.308,,
392,music,n.,音乐；乐曲；乐谱,"Sounds arranged to create rhythm or a tune, pieces made this way, or written signs showing how to play them.",life,AUTO_CLEAR,,0,0,0,12,0.000,0.167,0.500,,rhythm|tune
393,including,prep.,包括；包含…在内,Used to name something as part of a larger group or total.,life,AUTO_CLEAR,,0,0,0,7,0.000,0.000,0.143,,
394,consider,v.,考虑；认为；体谅；把…纳入考虑,"To think carefully about something, hold an opinion, or take account of someone's needs or a relevant fact.",life+cet4+cet6+postgrad,AUTO_CLEAR,,0,0,0,11,0.000,0.000,0.455,,
395,appear,v.,出现；显得；发表；出演；出庭,"To become visible, seem to be something, be published, or take part in a performance or court case.",life+cet4+postgrad,AUTO_CLEAR,,0,0,0,10,0.000,0.000,0.400,,
396,actually,adv.,实际上；其实；竟然,"Used to give the real facts, correct an idea, or express surprise that something really happens.",life+cet4+cet6,AUTO_CLEAR,,0,0,0,11,0.000,0.000,0.273,,
397,buy,v.,购买；换取；收买；相信（非正式）,"To get something by paying, gain an advantage with money, bribe someone, or accept a story as true.",life,AUTO_CLEAR,,0,0,0,11,0.000,0.091,0.545,,bribe
398,probably,adv.,很可能；大概,"Used when you think something is likely to be true or happen, but are not completely certain.",life+cet4+cet6,AUTO_CLEAR,,0,0,0,8,0.000,0.000,0.500,,
399,human,adj.,人的；人类的；有人性的；难免犯错的,"Related to people, or showing the feelings, needs, and weaknesses that people naturally have.",life+cet4+postgrad,AUTO_CLEAR,,0,0,0,8,0.000,0.125,0.375,,weaknesses
400,wait,v.,等待；等候；延缓；服侍（用于短语）,"To stay until something happens, leave a task until later, or serve food in phrases such as wait on people and wait tables.",life,P2,circular_definition,0,1,0,13,0.000,0.000,0.385,,
401,serve,v.,服务；供应；担任；适用；服刑；发球,"To help or work for others, give food, do a duty, be useful, spend time in prison, or start a point in a racket sport.",life,AUTO_CLEAR,,0,0,0,14,0.000,0.071,0.357,,racket
402,market,n.,市场；集市；需求；买方群体,"A place or system for buying and selling, or the people who want a particular product.",life,AUTO_CLEAR,,0,0,0,8,0.000,0.000,0.375,,
403,die,v.,死亡；枯萎；消失；熄灭；停止工作,"To stop living, become weaker until gone, or stop working or burning.",life,AUTO_CLEAR,,0,0,0,8,0.000,0.000,0.250,,
404,send,v.,发送；寄；派遣；使进入某状态,"To cause something or someone to go somewhere, or make a person enter a particular state.",life,AUTO_CLEAR,,0,0,0,10,0.000,0.000,0.500,,
405,expect,v.,预料；期待；要求；等待到来；怀孕,"To think something will happen, believe someone should do something, wait for an arrival, or be pregnant.",life,AUTO_CLEAR,,0,0,0,9,0.000,0.111,0.333,,arrival
407,sense,n.,感官；感觉；意识；道理；意义,"An ability such as sight, a feeling or awareness, good judgment, or the meaning of words.",life+cet4+cet6+postgrad,AUTO_CLEAR,,0,0,0,8,0.125,0.125,0.500,awareness,awareness
408,build,v.,建造；建立；逐步增强,"To make a structure, develop something over time, or become stronger or larger.",life,AUTO_CLEAR,,0,0,0,8,0.000,0.000,0.375,,
409,stay,v.,停留；暂住；保持；暂停（法律）,"To remain in a place or state, live somewhere briefly, or officially delay an action.",life,AUTO_CLEAR,,0,0,0,9,0.222,0.333,0.667,briefly|officially,briefly|delay|officially
410,fall,v.,落下；跌倒；下降；陷入；发生在；失守,"To move down, lose balance, become less, enter a state, happen at a time, or lose power or control.",life,AUTO_CLEAR,,0,0,0,12,0.000,0.000,0.333,,
411,oh,interj.,哦；噢；啊（惊讶、领悟等）,"A sound used to show surprise, understanding, disappointment, or a sudden thought.",life,AUTO_CLEAR,,0,0,0,8,0.125,0.125,0.500,disappointment,disappointment
412,nation,n.,国家；民族；国民,"A country and its people, or a large group sharing a history, culture, or identity.",life+cet4+cet6+postgrad,AUTO_CLEAR,,0,0,0,8,0.000,0.000,0.375,,
413,plan,n.,计划；方案；打算；平面图,"An intended set of actions, an idea about what to do, or a drawing showing a building or layout.",life,AUTO_CLEAR,,0,0,0,8,0.000,0.125,0.500,,layout
414,cut,v.,切；割；剪；削减；停止；删去；逃课,"To divide or wound with something sharp, make less, stop a supply, leave something out, or skip a class.",life,AUTO_CLEAR,,0,0,0,12,0.000,0.083,0.583,,skip
415,college,n.,学院；大学；职业学校；学会,"A place of education after or alongside secondary school, a part of a university, or a professional organization.",life,AUTO_CLEAR,,0,0,0,9,0.000,0.222,0.556,,alongside|secondary
416,interest,n.,兴趣；爱好；利息；利益；权益,"A wish to know more, an activity you enjoy, money paid for borrowing or saving, or a benefit or share in something.",life+cet4+cet6+postgrad,AUTO_CLEAR,,0,0,0,11,0.091,0.091,0.636,borrowing,borrowing
417,death,n.,死亡；灭亡；终结,"The end of a life, or the complete end of something.",life+cet4+postgrad,AUTO_CLEAR,,0,0,0,5,0.000,0.000,0.200,,
418,course,n.,课程；路线；进程；一道菜；疗程；场地,"A set of lessons, a route or development, one part of a meal, a series of treatments, or a sports ground.",life+cet4+cet6+postgrad,AUTO_CLEAR,,0,0,0,11,0.000,0.000,0.727,,
419,someone,pron.,某人；有人,A person whose name or identity is not stated or known.,life,P2,pos_definition_conflict,0,1,0,5,0.000,0.000,0.200,,
420,experience,n.,经验；经历；体验,"Knowledge gained by doing things, or an event that you live through.",life+cet4+cet6+postgrad,AUTO_CLEAR,,0,0,0,5,0.000,0.000,0.600,,
421,behind,prep.,在…后面；落后于；支持；是…原因,"At the back of, less advanced than, supporting, or responsible for something.",life,AUTO_CLEAR,,0,0,0,6,0.000,0.000,0.667,,
422,reach,v.,到达；达到；伸手够到；联系上；影响到,"To arrive at a place or goal, stretch to touch something, contact someone, or have an effect on people.",life+cet4+cet6+postgrad,AUTO_CLEAR,,0,0,0,10,0.000,0.000,0.600,,
423,local,adj.,当地的；地方的；局部的,Connected with a nearby area or limited to one part of a body or thing.,life+cet4+cet6+postgrad,AUTO_CLEAR,,0,0,0,8,0.000,0.000,0.375,,
424,six,num.,六；六个,The number after five and before seven.,life,P2,sense_circular_definition,0,1,0,3,0.000,0.000,0.333,,
425,kill,v.,杀死；扼杀；终止；消磨；使极痛或疲惫,"To cause death, stop something completely, pass time, or cause great pain or tiredness in informal speech.",life+cet4+postgrad,P2,sense_circular_definition,0,1,0,13,0.154,0.154,0.615,informal|tiredness,informal|tiredness
426,remain,v.,仍然是；留下；剩余；尚待,"To continue to be somewhere or in a state, be left over, or still need to be done.",life+cet4+cet6+postgrad,AUTO_CLEAR,,0,0,0,7,0.000,0.000,0.143,,
427,effect,n.,影响；效果；作用；特效；财物（复数）,"A change caused by something, an impression or created sound or image, or belongings when used in the plural.",life+cet4+cet6+postgrad,AUTO_CLEAR,,0,0,0,10,0.000,0.100,0.600,,plural
429,yeah,interj.,是；对；嗯（非正式）,An informal way to agree or say yes.,life,AUTO_CLEAR,,0,0,0,5,0.200,0.200,0.400,informal,informal
430,suggest,v.,建议；提议；暗示；使联想到,"To put forward an idea, show that something may be true, or bring a thought to mind.",life,AUTO_CLEAR,,0,0,0,9,0.000,0.000,0.333,,
431,class,n.,班级；课；阶层；类别；等级；风度,"A group of students or a lesson, a social group or category, a level of quality, or stylish behaviour.",life,AUTO_CLEAR,,0,0,0,10,0.200,0.200,0.500,behaviour|stylish,behaviour|stylish
432,control,n.,控制；管理；克制；操纵装置；对照组,"The power to direct things, restraint, a device used to operate something, or a comparison group in a test.",life+cet4+postgrad,AUTO_CLEAR,,0,0,0,11,0.000,0.091,0.545,,restraint
433,raise,v.,举起；提高；筹集；抚养；提出；引起,"To lift or increase, collect money, bring up a child or animal, introduce a topic, or cause a feeling.",life,AUTO_CLEAR,,0,0,0,11,0.000,0.000,0.636,,
434,care,n.,关心、照料、小心,attention and help given to someone or something,life,AUTO_CLEAR,,0,0,0,5,0.000,0.000,0.200,,
435,perhaps,adv.,也许、可能,used to say that something may be true or may happen,life+cet4+cet6+postgrad,AUTO_CLEAR,,0,0,0,5,0.000,0.000,0.200,,
437,late,adj.,迟的、晚的、已故的,being or occurring at an advanced period of time or after a usual or expected time,life,AUTO_CLEAR,,0,0,0,7,0.000,0.000,0.571,,
438,hard,adj.,困难的、坚硬的,difficult to do or solid and not easy to bend,life,AUTO_CLEAR,,0,0,0,4,0.000,0.000,1.000,,
439,field,n.,领域、田地、场地,a piece of land cleared of trees and usually enclosed,life,AUTO_CLEAR,,0,0,0,6,0.000,0.167,1.000,,enclosed
440,else,adv.,其他、另外,in addition to or instead of what has already been mentioned,life,AUTO_CLEAR,,0,0,0,4,0.000,0.000,0.750,,
441,pass,v.,经过、通过、递给,"to go past, succeed in a test, or give something to someone",life,AUTO_CLEAR,,0,0,0,7,0.000,0.000,0.429,,
442,former,adj.,从前的、前者的,referring to the first of two things or persons mentioned (or the earlier one or ones of several),life+cet4+postgrad,AUTO_CLEAR,,0,0,0,10,0.000,0.000,0.200,,
443,sell,v.,卖、背叛、销售,exchange or deliver for money or its equivalent,life,AUTO_CLEAR,,0,0,0,4,0.000,0.250,0.750,,equivalent
444,major,adj.,主要的、重大的,"very important, serious, or large",life+cet4+cet6+postgrad,AUTO_CLEAR,,0,0,0,3,0.000,0.000,0.333,,
445,sometimes,adv.,有时、时常、往往,on certain occasions or in certain cases but not always,life,AUTO_CLEAR,,0,0,0,5,0.000,0.000,0.600,,
446,require,v.,需要、要求,to need something or make something necessary,life+cet4+cet6+postgrad,AUTO_CLEAR,,0,0,0,5,0.000,0.000,0.200,,
447,along,prep.,沿着、向前,with a forward motion,life,AUTO_CLEAR,,0,0,0,2,0.000,0.000,1.000,,
448,development,n.,发展,act of improving by expanding or enlarging or refining,life,AUTO_CLEAR,,0,0,0,5,0.000,0.400,1.000,,enlarging|refining
449,themselves,pron.,他们自己、她们自己、它们自己,used when people or things are both the subject and object of an action,life,AUTO_CLEAR,,0,0,0,6,0.000,0.000,0.500,,
450,report,n.,报告、报道、传说,a written document describing the findings of some individual or group,life,AUTO_CLEAR,,0,0,0,6,0.000,0.000,0.500,,
451,role,n.,角色、职责、任务,normal or customary activity of a person in a particular social setting,life+cet4+cet6+postgrad,AUTO_CLEAR,,0,0,0,7,0.000,0.143,0.571,,customary
452,better,adj.,更好的、更合适的,of a higher quality or more suitable than something else,life,AUTO_CLEAR,,0,0,0,5,0.000,0.200,0.400,,suitable
453,economic,adj.,经济上的、实用的、节省的,"of or relating to an economy, the system of production and management of material wealth",life+cet4+cet6+postgrad,AUTO_CLEAR,,0,0,0,7,0.000,0.000,0.857,,
454,effort,n.,努力、成就,use of physical or mental energy,life+cet4+cet6+postgrad,AUTO_CLEAR,,0,0,0,4,0.000,0.000,0.750,,
456,decide,v.,决定、判决,"reach, make, or come to a decision about something",life,AUTO_CLEAR,,0,0,0,5,0.000,0.000,0.200,,
457,rate,n.,比率、率、速度,a magnitude or frequency relative to a time unit,life+cet4+cet6+postgrad,AUTO_CLEAR,,0,0,0,5,0.000,0.400,0.800,,frequency|magnitude
458,strong,adj.,强壮的、坚固的、坚强的,having strength or power greater than average or expected,life,AUTO_CLEAR,,0,0,0,5,0.000,0.000,0.400,,
459,possible,adj.,可能的、潜在的、合适的,capable of happening or existing,life,AUTO_CLEAR,,0,0,0,3,0.000,0.000,0.667,,
460,heart,n.,心、心脏、中心,the locus of feelings and intuitions,life,P3,definition_too_advanced,0,0,1,3,0.333,0.667,0.667,locus,intuitions|locus
461,drug,n.,药、麻药、麻醉药,a substance that is used as a medicine or narcotic,life+cet4+cet6+postgrad,AUTO_CLEAR,,0,0,0,4,0.250,0.250,0.750,narcotic,narcotic
463,leader,n.,领导者、社论、指挥,a person who rules or guides or inspires others,life+cet4+cet6,AUTO_CLEAR,,0,0,0,5,0.000,0.000,0.600,,
464,light,n.,光、灯,(physics) electromagnetic radiation that can produce a visual sensation,life,P3,definition_too_advanced,0,0,1,6,0.167,0.667,1.000,electromagnetic,electromagnetic|physics|radiation|sensation
465,voice,n.,声音、嗓音、嗓子,the distinctive quality or pitch or condition of a person's speech,life+cet4+cet6+postgrad,AUTO_CLEAR,,0,0,0,6,0.000,0.333,0.833,,distinctive|pitch
466,wife,n.,妻子、太太、夫人,a married woman,life,AUTO_CLEAR,,0,0,0,2,0.000,0.000,0.500,,
467,whole,n.,全部、全体、整体,all of something including all its component elements or parts,life+cet4+cet6+postgrad,AUTO_CLEAR,,0,0,0,5,0.000,0.000,0.400,,
468,police,n.,警察、警察当局、治安,the force of policemen and officers,life+cet4+postgrad,AUTO_CLEAR,,0,0,0,3,0.333,0.333,0.667,policemen,policemen
469,mind,n.,思想、愿望、智力,that which is responsible for one's thoughts and feelings,life,AUTO_CLEAR,,0,0,0,4,0.000,0.000,0.250,,
470,finally,adv.,最后、终于,after an unspecified period of time or an especially long delay,life+cet4+postgrad,AUTO_CLEAR,,0,0,0,6,0.167,0.333,0.667,unspecified,delay|unspecified
471,pull,v.,拉、拖,to move something toward you or in a particular direction,life,AUTO_CLEAR,,0,0,0,5,0.000,0.000,0.400,,
472,return,n.,回来、返回、来回票,a coming to or returning home,life,P2,circular_definition,0,1,0,3,0.000,0.000,0.000,,
473,free,adj.,自由的、免费的、空闲的,"not controlled, not costing money, or available to use",life,AUTO_CLEAR,,0,0,0,5,0.000,0.000,0.400,,
474,military,n.,军队,the military forces of a nation,life+cet4+cet6+postgrad,P2,circular_definition,0,1,0,3,0.000,0.000,0.000,,
475,price,n.,价格、代价、价值,the amount of money needed to purchase something,life,AUTO_CLEAR,,0,0,0,5,0.000,0.000,0.400,,
477,less,adj.,更少的、较小的,(comparative of `little' usually used with mass nouns) a quantifier meaning not as great in amount or degree,life+cet4+postgrad,AUTO_CLEAR,,0,0,0,11,0.091,0.273,0.636,quantifier,comparative|nouns|quantifier
478,according,adj.,相符的、根据...而定的,(followed by `to') in agreement with or accordant with,life,AUTO_CLEAR,,0,0,0,3,0.333,0.333,0.667,accordant,accordant
479,decision,n.,决定、决心、决断,the act of making up your mind about something,life+cet4+cet6+postgrad,AUTO_CLEAR,,0,0,0,4,0.000,0.000,0.250,,
480,explain,v.,解释、说明,make plain and comprehensible,life+cet4+cet6+postgrad,P3,definition_too_advanced,0,0,1,3,0.333,0.667,0.667,comprehensible,comprehensible|plain
481,son,n.,儿子、女婿、子孙,a male human offspring,life,AUTO_CLEAR,,0,0,0,3,0.000,0.333,0.667,,offspring
482,hope,n.,希望、信心、期待,a specific instance of feeling hopeful,life,AUTO_CLEAR,,0,0,0,4,0.000,0.250,0.750,,hopeful
484,develop,v.,发展、使发达、进步,"make something new, such as a product or a mental or artistic creation",life,AUTO_CLEAR,,0,0,0,7,0.143,0.286,0.571,creation,artistic|creation
485,view,n.,视野、风景、见解,the visual percept of a region,life+cet4+cet6+postgrad,AUTO_CLEAR,,0,0,0,3,0.333,0.333,1.000,percept,percept
486,relationship,n.,关系、关联,a relation between people,life+cet4+cet6+postgrad,AUTO_CLEAR,,0,0,0,2,0.000,0.000,0.500,,
487,carry,v.,携带、搬运、承载,have with oneself,life,AUTO_CLEAR,,0,0,0,1,0.000,1.000,1.000,,oneself
488,town,n.,城镇、市、镇,an urban area with a fixed boundary that is smaller than a city,life,AUTO_CLEAR,,0,0,0,6,0.000,0.000,0.500,,
489,road,n.,路、道路、公路,an open way (generally public) for travel or transportation,life,AUTO_CLEAR,,0,0,0,6,0.000,0.000,0.500,,
490,drive,v.,驾驶、驱动,to control a vehicle or make something happen,life,AUTO_CLEAR,,0,0,0,5,0.000,0.000,0.200,,
491,arm,n.,手臂、袖子、狭长港湾,a human limb,life,AUTO_CLEAR,,0,0,0,2,0.000,0.500,0.500,,limb
492,true,adj.,真实的、正确的、忠诚的,consistent with fact or reality,life,AUTO_CLEAR,,0,0,0,3,0.000,0.000,0.667,,
493,federal,adj.,联邦的、联合的、同盟的,national; especially in reference to the government of the United States as distinct from that of its member units,life+cet4+cet6+postgrad,AUTO_CLEAR,,0,0,0,9,0.000,0.111,0.556,,distinct
494,break,v.,打破、弄坏、中断,to damage something so it separates or stops working,life,AUTO_CLEAR,,0,0,0,5,0.000,0.000,0.400,,
496,difference,n.,不同、差异,the quality of being unlike or dissimilar,life+cet4+postgrad,AUTO_CLEAR,,0,0,0,3,0.333,0.333,1.000,dissimilar,dissimilar
497,receive,v.,收到、接到、得到,get something,life,AUTO_CLEAR,,0,0,0,2,0.000,0.000,0.000,,
498,thank,v.,感谢、谢谢,express gratitude or show appreciation to,life,AUTO_CLEAR,,0,0,0,4,0.000,0.500,0.750,,appreciation|gratitude
499,value,n.,价值、价格、购买力,a numerical quantity measured or assigned or computed,life+cet4+cet6+postgrad,P3,definition_too_advanced,0,0,1,5,0.000,0.600,1.000,,computed|numerical|quantity
500,international,adj.,国际的,concerning or belonging to all or at least two or more nations,life+cet4+cet6+postgrad,AUTO_CLEAR,,0,0,0,5,0.000,0.000,0.400,,
501,building,n.,建筑物、建筑,a structure that has a roof and walls and stands more or less permanently in one place,life,AUTO_CLEAR,,0,0,0,8,0.000,0.125,0.500,,permanently
502,action,n.,行动、活动、动作,something done (usually as opposed to something said),life+cet4+cet6+postgrad,AUTO_CLEAR,,0,0,0,6,0.000,0.000,0.333,,
503,full,adj.,满的、完整的,containing as much or as many as is possible or normal,life,AUTO_CLEAR,,0,0,0,5,0.000,0.000,0.400,,
504,model,n.,模型、模范、模特儿,a hypothetical description of a complex entity or process,life+cet4+postgrad,AUTO_CLEAR,,0,0,0,5,0.200,0.400,0.800,hypothetical,entity|hypothetical
505,join,v.,参加、结合、加入,become part of,life,AUTO_CLEAR,,0,0,0,2,0.000,0.000,0.000,,
506,season,n.,季节、时节、当令期,a period of the year marked by special events or activities in some field,life,AUTO_CLEAR,,0,0,0,7,0.000,0.000,0.714,,
507,society,n.,社会、社交界、交往,an extended social group having a distinctive cultural and economic organization,life+cet4+cet6+postgrad,AUTO_CLEAR,,0,0,0,7,0.000,0.143,0.571,,distinctive
509,tax,n.,税、税款、重负,charge against a citizen's person or property or activity for the support of government,life+cet4+cet6+postgrad,AUTO_CLEAR,,0,0,0,7,0.000,0.000,0.714,,
510,director,n.,主管、导演、董事,someone who controls resources and expenditures,life+cet4+cet6+postgrad,AUTO_CLEAR,,0,0,0,4,0.000,0.250,0.500,,expenditures
512,position,n.,位置、地位、身分,the particular portion of space occupied by something,life+cet4+cet6+postgrad,AUTO_CLEAR,,0,0,0,5,0.000,0.000,0.800,,
513,player,n.,竞赛者、上场队员、游戏者,a person who participates in or is skilled at some game,life+cet4+cet6,AUTO_CLEAR,,0,0,0,4,0.000,0.000,0.500,,
514,agree,v.,同意、赞成、应允,be in accord,life,AUTO_CLEAR,,0,0,0,1,0.000,1.000,1.000,,accord
515,especially,adv.,尤其、特别、格外,to a distinctly greater extent or degree than is common,life+cet4+cet6+postgrad,AUTO_CLEAR,,0,0,0,5,0.000,0.200,0.800,,distinctly
516,record,n.,记录、档案、纪录,anything (such as a document or a phonograph record or a photograph) providing permanent evidence of or information about past events,life+cet4+cet6+postgrad,P2,circular_definition,0,1,0,11,0.091,0.091,0.636,phonograph,phonograph
517,pick,v.,挑选、采摘、拿取,to choose or take one thing from a group,life,AUTO_CLEAR,,0,0,0,5,0.000,0.000,0.200,,
518,wear,n.,穿着、戴、使用,impairment resulting from long use,life,AUTO_CLEAR,,0,0,0,4,0.250,0.250,0.250,impairment,impairment
519,paper,n.,纸、文件、文章,a material made of cellulose pulp derived mainly from wood or rags or certain grasses,life,AUTO_CLEAR,,0,0,0,10,0.300,0.500,0.900,cellulose|grasses|pulp,cellulose|derived|grasses|pulp|rags
520,special,adj.,特别的、特殊的,for a special service or occasion,life+cet4+cet6+postgrad,P2,circular_definition,0,1,0,3,0.000,0.000,0.333,,
521,space,n.,位置、空间、距离,the unlimited expanse in which everything is located,life+cet4+cet6+postgrad,AUTO_CLEAR,,0,0,0,4,0.250,0.500,0.750,expanse,expanse|unlimited
522,ground,n.,土地、战场、场地,a position to be won or defended in battle (or as if in battle),life,AUTO_CLEAR,,0,0,0,5,0.000,0.000,0.600,,
523,form,n.,形状、形体、类型,the phonological or orthographic sound or appearance of a word that can be used to describe or identify something,life,AUTO_CLEAR,,0,0,0,9,0.222,0.222,0.667,orthographic|phonological,orthographic|phonological
524,support,n.,支持、支撑、援助,the activity of providing for or maintaining by supplying with money or necessities,life+cet4+cet6+postgrad,AUTO_CLEAR,,0,0,0,6,0.000,0.167,0.667,,necessities
525,event,n.,事件、结果、事情的进程,something that happens at a given place and time,life+cet4+postgrad,AUTO_CLEAR,,0,0,0,5,0.000,0.000,0.000,,
526,official,n.,官员、公务员、职员,a worker who holds or is invested with an office,life+cet4+cet6+postgrad,AUTO_CLEAR,,0,0,0,4,0.000,0.000,0.500,,
527,whose,pron.,谁的,used to ask or say which person something belongs to,life,AUTO_CLEAR,,0,0,0,6,0.000,0.000,0.167,,
528,matter,n.,事件、物质、原因,a vaguely specified concern,life,P3,definition_too_advanced,0,0,1,3,0.333,0.667,1.000,vaguely,specified|vaguely
529,everyone,pron.,每个人、人人,every person in a group,life,AUTO_CLEAR,,0,0,0,3,0.000,0.000,0.000,,
530,center,n.,中心、中心点、中锋,an area that is approximately central within some larger region,life,AUTO_CLEAR,,0,0,0,6,0.000,0.000,0.500,,
531,couple,n.,对、夫妇、数个,a pair who associate with one another,life+cet4+postgrad,AUTO_CLEAR,,0,0,0,4,0.000,0.000,0.500,,
532,site,n.,位置、场所、地点,the piece of land on which something is located (or is to be located),life+cet4+cet6+postgrad,AUTO_CLEAR,,0,0,0,5,0.000,0.000,0.800,,
534,project,n.,项目、计划,a planned undertaking,life+cet4+cet6+postgrad,AUTO_CLEAR,,0,0,0,2,0.000,0.500,0.500,,undertaking
535,hit,n.,打击、打、冲撞,(baseball) a successful stroke in an athletic contest (especially in baseball),life+cet4+cet6+postgrad,AUTO_CLEAR,,0,0,0,7,0.000,0.286,0.857,,contest|stroke
536,base,n.,底部、垒、基础,installation from which a military force initiates operations,life+cet4+postgrad,AUTO_CLEAR,,0,0,0,5,0.000,0.400,0.600,,initiates|installation
537,activity,n.,活动、行动、活跃,any specific behavior,life+cet4+postgrad,AUTO_CLEAR,,0,0,0,2,0.000,0.000,1.000,,
538,star,n.,星、恒星、星形物,(astronomy) a celestial body of hot gases that radiates energy derived from thermonuclear reactions in the interior,life,AUTO_CLEAR,,0,0,0,11,0.182,0.545,0.909,celestial|thermonuclear,astronomy|celestial|derived|interior|radiates|thermonuclear
539,table,n.,桌子、餐桌、工作台,a set of data arranged in rows and columns,life,AUTO_CLEAR,,0,0,0,5,0.000,0.000,0.800,,
541,court,n.,法院、庭院、奉承,an assembly (including one or more judges) to conduct judicial business,life+cet4+cet6+postgrad,AUTO_CLEAR,,0,0,0,7,0.000,0.286,0.571,,assembly|judicial
542,produce,v.,生产、产生,bring forth or yield,life+cet4+cet6+postgrad,AUTO_CLEAR,,0,0,0,3,0.000,0.000,0.667,,
543,eat,v.,吃、腐蚀,take in solid food,life,AUTO_CLEAR,,0,0,0,3,0.000,0.000,0.333,,
