word,primary_pos,primary_zh,secondary_pos,secondary_zh,keep_secondary,dominance,source_pos_count,source_pos_share
accessory,adj.,附属的、补充的、同谋的,n.,附件、零件、附加物,no,0.998,0,0.000
addict,n.,入迷的人、上瘾者,vt.,使沉溺、使上瘾,no,0.993,0,0.000
African,adj.,非洲的、非洲人的,n.,非洲人,no,0.903,0,0.000
ahead,adv.,领先、预先、向前,adj.,领先的、预先的、向前的,no,0.999,0,0.000
alien,adj.,外国的、相异的,n.,外国人、外侨,yes,0.748,533,0.169
alike,adv.,一样、以同样的方式,adj.,相似的、同样的,no,0.996,1,0.001
alone,adv.,独自地,adj.,孤独的、单独的、独自的,yes,0.970,568,0.026
American,adj.,美国的、美洲的,n.,美国人,yes,0.846,0,0.000
anchor,v.,抛锚停泊、使固定,n.,锚,no,0.907,0,0.000
annual,adj.,每年的、一年一次的、全年的,n.,年刊、年报,no,1.000,0,0.000
archive,n.,档案馆、档案文件,vt.,把...存档,no,0.889,0,0.000
articulate,v.,明白地说、以关节连接、使成为系统的整体,adj.,发音清晰的、口才好的,no,0.998,0,0.000
aside,adv.,在一边、离开、另外,n.,小声说的话、旁白,no,0.935,0,0.000
assist,v.,帮助、促进,n.,帮助、协助,no,0.991,3,0.002
avail,n.,效用、利益,vi.,有用、有利,no,0.993,1,0.007
back,adv.,向后地,adj.,后面的,yes,0.823,11618,0.032
bankrupt,adj.,破产的,n.,破产者,no,0.920,0,0.000
basic,adj.,基本的、碱性的,n.,基本原理、要素、基本规律,no,0.994,16,0.002
beat,v.,打、拍打、打败,n.,心跳(声)、打、敲打声,yes,0.790,4494,0.189
bet,v.,打赌,n.,打赌、赌注,yes,0.722,3382,0.264
black,adj.,黑色的,n.,黑色、黑颜料,no,0.798,90,0.002
blackmail,v.,勒索,n.,勒索,yes,0.905,40,0.078
blame,v.,责备、归咎于,n.,过失、责备,yes,0.803,1777,0.193
blank,adj.,空白的、空虚的、完全的,n.,空格、空白,yes,0.800,369,0.141
bleach,n.,漂白、漂白剂,vt.,漂白,no,0.961,1,0.003
blind,adj.,盲目的、瞎的、不加思考的,n.,蒙蔽物、窗帘,no,0.911,0,0.000
blue,adj.,蓝色的、下流的、忧郁的,n.,蓝色,yes,0.738,1408,0.048
boast,v.,吹牛、自夸,n.,吹牛,yes,0.747,137,0.229
bore,v.,使烦扰、钻孔,n.,令人讨厌的人、激浪、枪膛,no,0.983,10,0.009
bound,v.,跳跃、弹起,n.,跃、回跳、范围,no,0.985,0,0.000
brace,v.,紧缚、支撑、激励,n.,支柱、曲柄、支撑,no,0.697,0,0.000
brave,v.,勇敢地面对,adj.,勇敢的、美好的、华丽的,no,0.942,1,0.000
bristle,v.,直立、发怒、充满,n.,刚毛、猪鬃,no,0.742,0,0.000
brute,adj.,残忍的、无理性的、畜生的,n.,畜生、残忍或好色之人,no,0.944,0,0.000
call,v.,呼叫、召集、打电话,n.,呼叫、访问、打电话,yes,0.696,20758,0.300
captive,adj.,被俘的、被迷住的,n.,俘虏、迷恋者,yes,0.928,17,0.034
capture,v.,抓取、获得、迷住,n.,抓取、战利品、捕获之物,yes,0.745,758,0.242
carry,v.,携带、运送、支持,n.,进位、射程、运载,no,0.978,7,0.000
catch,v.,捕捉、赶上、感染,n.,捕捉、陷阱、捕捉之物,yes,0.849,3236,0.145
cease,v.,停止、终了,n.,停止,no,0.989,3,0.005
censor,v.,检查、审查、删改,n.,检查员,no,0.965,0,0.000
characteristic,adj.,特性的、特有的、有特色的,n.,特性、特征、特色,yes,0.666,222,0.332
chat,v.,闲谈、聊天,n.,闲谈,no,0.993,0,0.000
cheat,v.,欺骗、逃脱、骗取,n.,欺骗、作弊、骗子,yes,0.965,42,0.028
check,v.,检查、阻止、核对,n.,检查、支票、阻止物,yes,0.787,5367,0.213
Chinese,adj.,中国的、中国话的,n.,中文、中国话、中国人,yes,0.864,4,0.000
chop,v.,剁碎、砍、切击,n.,肋条肉、排骨、砍,no,0.984,27,0.007
civilian,adj.,平民的、民用的,n.,平民,yes,0.995,0,0.000
classic,adj.,第一流的、最优秀的、古典的,n.,古典作品、杰作、大艺术家,yes,0.905,768,0.078
cold,adj.,寒冷的、冷淡的、冷静的,n.,感冒、寒冷,yes,0.857,1711,0.066
comic,adj.,滑稽的、有趣的、喜剧的,n.,连环漫画、喜剧演员、滑稽的人,yes,0.760,131,0.043
commonplace,adj.,平凡的、普通的,n.,寻常事、老生常谈、普通的东西,yes,0.654,110,0.340
complement,v.,补充、补足,n.,补足物、补语、补数,yes,0.987,6,0.011
complex,adj.,复杂的、组合的,n.,综合体、情结、络合物,yes,0.833,931,0.167
concentrate,v.,集中、专心,n.,浓缩、精选,yes,0.885,528,0.114
consequent,adj.,作为结果的、合乎逻辑的,n.,随后发生的事情、结果,no,1.000,0,0.000
conserve,v.,保存、使(能量等)守恒,n.,蜜饯、果酱,no,1.000,0,0.000
constant,adj.,不变的、一定的、时常的,n.,常数、恒量,no,1.000,0,0.000
contemporary,adj.,同时代的、属于同一时期的,n.,同时代的人,no,0.944,0,0.000
convert,v.,使改变信仰、转换、兑换,n.,皈依者、改变宗教信仰者,no,0.999,0,0.000
convict,v.,宣告有罪、使知罪,n.,囚犯、罪犯,no,0.945,0,0.000
cook,v.,烹调、煮饭、加热,n.,厨子、厨师,yes,0.679,3696,0.170
cool,adj.,凉爽的、冷淡的、冷静的,n.,凉爽、凉爽的空气,yes,0.727,1305,0.056
coordinate,v.,(使)协调,n.,同等的人(或物)、坐标,no,0.984,0,0.000
cordial,adj.,热忱的、诚恳的、有兴奋作用的,n.,兴奋剂、补品,yes,0.754,50,0.216
correlate,v.,使有相互关系,n.,有相互关系的东西、相关物,no,0.839,4,0.129
crank,v.,装曲柄,adj.,不稳的、脾气暴燥的、易怒的,no,0.945,0,0.000
criminal,adj.,犯了罪的、刑事的、有罪的,n.,罪犯、犯人、刑事,yes,0.851,435,0.061
cry,v.,哭、叫、喊,n.,叫声、哭声、大叫,yes,0.677,2178,0.295
curb,v.,抑制、束缚、勒住,n.,抑制、勒马绳、边石,yes,0.714,89,0.243
curl,v.,弄卷,n.,拳曲、鬈发,yes,0.949,11,0.021
current,adj.,流通的、现在的、当前的,n.,涌流、趋势、流,yes,0.984,193,0.015
cut,v.,切、割、减少,n.,切口、割伤、降低,yes,0.728,9932,0.220
damp,adj.,潮湿的,n.,潮湿、湿气,no,0.851,0,0.000
dare,v.,敢、胆敢,n.,挑战、挑动、大胆,no,0.918,2,0.000
dark,adj.,黑暗的、暗的、深色的,n.,黑暗、夜、黄昏,yes,0.877,2140,0.123
degenerate,v.,退化、堕落,adj.,堕落的,no,0.988,0,0.000
despatch,n.,派遣,v.,派遣,yes,0.671,20,0.127
digest,v.,消化,n.,文摘,no,0.871,0,0.000
dip,n.,浸、涉猎,v.,浸、降下、把(手、勺等)伸入,yes,0.693,983,0.292
disguise,v.,假装、隐瞒,n.,假面目、假装,no,0.984,4,0.003
dislike,v.,讨厌、不喜欢,n.,嫌恶,yes,0.681,210,0.317
drum,v.,击鼓、作鼓声,n.,鼓、鼓声,yes,0.757,351,0.081
due,adj.,到期的、应得的、应付的,n.,应得的东西、应付款,no,0.985,0,0.000
duplicate,v.,复制、使加倍,n.,副本、复本、复制品,no,1.000,0,0.000
eccentric,adj.,古怪的、反常的、不同圆心的,n.,怪人、偏心圆,no,0.988,0,0.000
echo,v.,发回声、随声附和,n.,回声、回音、回波,no,0.704,0,0.000
eclipse,v.,引起日食、引起月食、使黯然失色,n.,日食、月食、(地位名誉等的)消失,no,0.872,0,0.000
Egyptian,adj.,埃及的、埃及人的,n.,埃及人,yes,0.969,0,0.000
elastic,adj.,有弹性的、能伸缩的、可通融的,n.,松紧带、橡皮筋,yes,0.878,37,0.069
elder,adj.,年长的、资深的,n.,年长者、老人、前辈,no,0.783,0,0.000
else,adv.,另外、否则、不然,adj.,别的、其他的,yes,0.976,1530,0.024
embrace,v.,拥抱、互相拥抱、包含,n.,拥抱,no,0.990,7,0.005
employ,v.,雇用、使用、使从事于,n.,雇用,no,0.999,0,0.000
enough,adv.,足够,n.,充足、够、很多,no,0.700,448,0.005
equal,adj.,相等的、平等的、胜任的,n.,对手、匹敌、同辈,no,0.918,0,0.000
erect,v.,使竖立、使直立、树立,adj.,直立的、竖立的、笔直的,no,0.988,0,0.000
essential,adj.,必要的、重要的、本质的,n.,要素、要点、本质,no,0.998,0,0.000
European,adj.,欧洲的、欧洲人的,n.,欧洲人,no,0.735,1,0.000
even,adv.,甚至、实际上、完全,adj.,平坦的、相等的、连贯的,no,0.999,85,0.001
evil,adj.,邪恶的、不幸的、有害的,n.,邪恶、不幸、罪恶,yes,0.691,1063,0.187
exempt,adj.,免除的,n.,免税者、被免除义务者,no,0.907,0,0.000
explosive,adj.,易爆发的、爆炸的、暴躁的,n.,炸药、爆破音,no,0.983,0,0.000
external,adj.,外部的、客观的、表面的,n.,外部、外面,no,0.972,0,0.000
extra,adj.,额外的、特别的,n.,额外的事物、另外的收费,no,0.983,37,0.002
extract,v.,(费力地)取出、采掘、榨取,n.,榨出物、精汁、摘录,yes,0.997,0,0.000
extreme,adj.,极端的、尽头的、极度的,n.,极端、末端,yes,0.883,478,0.090
fahrenheit,n.,华氏温度计,adj.,华氏温度计的,no,1.000,0,0.000
faint,adj.,模糊的、微弱的、无力的,n.,昏厥、昏倒,no,0.790,3,0.003
fair,adj.,公平的、按规则进行的、不好不坏的,n.,展览会、市集、美好的事物,yes,0.847,842,0.029
fake,adj.,假的,n.,假货、欺骗、诡计,yes,0.857,597,0.092
fall,v.,倒下、落下、来临,n.,落下、瀑布、采伐量,yes,0.677,6642,0.323
fancy,adj.,想象的、精美的、新奇的,n.,想象力、幻想、喜好,yes,0.795,1096,0.099
far,adv.,甚远地、很、到很深的程度,adj.,远的、久远的、遥远的,yes,0.952,3019,0.037
farther,adv.,更远的、此外、far的比较级,adj.,更远的、进一步的,no,0.967,1,0.007
fast,adv.,很快地、紧紧地、彻底地,adj.,快速的、紧的,yes,0.663,8097,0.326
fat,adj.,肥的、胖的、油腻的,n.,脂肪、脂油、肥肉,yes,0.746,1795,0.152
favorite,adj.,特别受喜爱的、喜爱的、宠爱的,n.,喜欢的事物、幸运儿,no,0.875,1,0.031
feed,v.,喂、饲养、放牧,n.,饲料、一餐、饲养,yes,0.763,2291,0.235
festival,n.,节日、庆祝、欢宴,adj.,节日的、喜庆的、快乐的,no,0.653,0,0.000
fetch,v.,接来、取来、售得,n.,取得、拿、诡计,yes,0.966,84,0.028
final,adj.,最后的、终极的、决定性的,n.,期末考试、结局、决赛,no,0.977,0,0.000
fine,adj.,好的、晴朗的、健康的,n.,罚款、罚金、晴天,yes,0.710,9599,0.172
first,adj.,第一的,adv.,首先、第一、优先,yes,0.691,71368,0.238
float,v.,浮动、飘动、散播,n.,漂流物、浮舟、漂浮,yes,0.659,603,0.328
fluorescent,adj.,荧光的,n.,荧光,yes,0.775,21,0.105
fly,v.,飞、飞翔、飘扬,n.,苍蝇、两翼昆虫、飞行,yes,0.768,3739,0.232
fold,v.,折叠、包、合拢,n.,折层、折、羊栏,no,0.995,2,0.001
forfeit,v.,没收、丧失,n.,没收物、罚金、丧失,yes,0.904,32,0.068
forge,v.,打制、锻造、伪造,n.,熔炉、铁工厂,no,0.830,0,0.000
forward,adv.,向前地,adj.,向前的、早的、迅速的,yes,0.966,523,0.012
French,adj.,法国的、法国人的、法语的,n.,法国人、法文、法式,yes,0.862,7,0.000
full,adj.,充满的、完全的、丰富的,n.,全部、完整,no,0.973,16,0.000
fundamental,adj.,基本的、重要的、原音的,n.,基本原理、原则、基波,no,1.000,0,0.000
gasp,v.,喘气、喘息、渴望,n.,喘气,yes,0.701,35,0.083
gather,v.,聚集、集合、渐增,n.,集合、聚集,no,0.993,1,0.000
gaze,v.,注视、凝视,n.,注视、凝视,no,0.923,0,0.000
general,adj.,全面的、大体的、总的,n.,一般、将军、大体,yes,0.656,592,0.026
German,adj.,德国的、德国人的、德国语的,n.,德国人、德语,yes,0.942,3,0.000
giant,adj.,庞大的、巨大的,n.,巨人、大力士、巨大怪物,yes,0.688,1970,0.224
giggle,n.,咯咯笑、傻笑,v.,吃吃地笑、咯咯地笑,yes,0.772,23,0.032
give,v.,给、授予、供给,n.,弹性、适应性,no,1.000,0,0.000
glide,v.,滑动、滑翔、溜走,n.,滑动、滑过、流水,no,0.954,0,0.000
good,adj.,好的、优良的、上等的,n.,善行、好处、利益,no,0.996,826,0.002
grab,v.,抓取、抢去,n.,抓握、掠夺、强占,yes,0.939,353,0.049
graze,v.,(使)吃草、放牧、轻擦,n.,吃草、放牧、擦伤,no,0.989,0,0.000
Greek,adj.,希腊的、希腊人的,n.,希腊人、希腊语,yes,0.999,1,0.000
green,adj.,绿色的、未成熟的、新鲜的,n.,绿色、绿色颜料,yes,0.713,1585,0.048
grind,v.,磨擦、磨碎、磨光,n.,磨、碾、苦差,yes,0.694,217,0.251
gross,adj.,总共的、未打折扣的、恶劣的,n.,总数、总量,no,0.733,0,0.000
grumble,v.,抱怨、发牢骚、发隆隆声,n.,怨言、满腹牢骚,no,0.870,0,0.000
guess,v.,猜测、臆测,n.,猜测、臆测,yes,0.669,6695,0.229
hamper,v.,阻碍、使困累、妨碍,n.,食篮、阻碍物、食盒,no,0.985,3,0.009
handle,v.,触摸、运用、买卖,n.,柄、把手、把柄,yes,0.997,1,0.000
hate,v.,憎恨、憎恶,n.,憎恨、恨、厌恶,yes,0.895,1198,0.091
haunt,v.,常到、出没于、萦绕于,n.,常到的地方、生息地,no,0.995,0,0.000
help,v.,帮助、帮忙、接济,n.,帮忙、帮助者、补救办法,yes,0.754,27680,0.246
hide,v.,藏、隐瞒、遮避,n.,兽皮、迹象、躲藏处,no,0.992,1,0.000
high,adj.,高的、高级的、主要的,n.,高度、高处,no,0.871,193,0.003
hinder,v.,阻碍、打扰,adj.,后面的,no,1.000,0,0.000
hinge,v.,装铰链,n.,铰链、关键、枢纽,no,0.953,0,0.000
hire,v.,雇请、出租,n.,租金、租用、雇用,yes,0.684,642,0.294
hit,v.,打、打击、碰撞,n.,打击、打、冲撞,yes,0.835,6748,0.164
hold,v.,保存、握住、拿住,n.,把握、把持力、柄,yes,0.869,5575,0.131
hollow,adj.,空的、虚伪的、空腹的,n.,洞、窟窿、山谷,no,0.890,1,0.001
hope,v.,希望、期望、信赖,n.,希望、信心、期待,yes,0.697,17965,0.244
horizontal,adj.,水平线的、平坦的、横的,n.,水平线、水平面、水平位置,yes,0.966,8,0.015
human,adj.,人类的、似人类的、人性的,n.,人、人类,no,0.912,116,0.005
humanitarian,adj.,人道主义的、博爱的、凡人论的,n.,人道主义者、博爱者、基督凡人论者,no,0.987,0,0.000
hurl,v.,用力投掷、发射、愤慨地说出,n.,用力的投掷,no,0.893,0,0.000
ideal,adj.,理想的、完美的、空想的,n.,理想、典范、观念,yes,0.823,879,0.124
illiterate,adj.,目不识丁的、没受教育的,n.,文盲,yes,0.810,15,0.077
immigrant,adj.,移入的、移民的,n.,移民,yes,0.997,0,0.000
immortal,adj.,永远的、不死的、长久的,n.,不朽人物、神仙,no,0.888,2,0.005
imperative,adj.,命令式的、急需的、势在必行的,n.,命令、必要的事、规则,yes,0.736,155,0.263
implement,v.,实现、使生效、执行,n.,工具、器具、手段,no,0.996,5,0.003
impress,v.,使有印象、印、铭刻,n.,印象、特征、印记,no,0.999,5,0.001
independent,adj.,独立的、有主见的、不须依赖的,n.,独立自主者、无党派者,no,0.852,1,0.000
Indian,adj.,印度的、印度群岛的、印第安语的,n.,印度人、印第安人、印第安语,no,0.868,1,0.000
individual,adj.,个别的、个人的、独特的,n.,人、个人、个体,yes,0.760,2480,0.239
initial,adj.,开始的、最初的、字首的,n.,字首、首字母,no,1.000,0,0.000
initiate,v.,开始、传授基本知识给,n.,入会、开始,yes,0.913,20,0.083
insert,v.,插入、把(人造卫星)射入(轨道)、添写,n.,插入物,yes,0.879,47,0.114
integral,adj.,固有的、整体的、整数的,n.,整体、积分、整数,no,0.998,0,0.000
intellectual,adj.,智力的、用脑力的、聪明的,n.,有知识者、知识分子、凭理智做事者,yes,0.943,43,0.036
intermediate,adj.,中间的、中级的,n.,中间物、调停者、中级,no,0.963,0,0.000
invariable,adj.,不变的、常数的,n.,不变的东西、常数,no,1.000,0,0.000
Iraqi,adj.,伊拉克的、伊拉克人的,n.,伊拉克人、伊拉克阿拉伯语,yes,1.000,0,0.000
irregular,adj.,不规则的、不整齐的、不合法的,n.,不规则物、不合规格之物,no,0.973,0,0.000
Italian,adj.,意大利的、意大利语的,n.,意大利人、意大利语,yes,0.980,2,0.000
Japanese,adj.,日本的、日语的,n.,日本人、日语,yes,0.920,69,0.012
joint,adj.,共同的、联合的、连接的,n.,连接处、接合、关节,yes,0.700,840,0.209
just,adv.,刚刚、正好、仅仅,adj.,正直的、合理的、正确的,no,1.000,75,0.000
juvenile,adj.,少年的、不成熟的、适于少年的,n.,少年、少年读物,no,0.968,1,0.002
keep,v.,保持、保存、遵守,n.,生计、维持、保持,no,1.000,0,0.000
kill,v.,杀、破坏、消灭,n.,杀、杀戮、小河,yes,0.926,1216,0.074
lash,v.,鞭打、摆动、扎捆,n.,鞭子、鞭打、睫毛,yes,0.957,5,0.017
latent,n.,隐约指纹,adj.,潜伏性的、隐藏的,no,0.987,0,0.000
least,adj.,最少的、最小的,n.,最少、最小、最小限度,no,0.988,1,0.000
leave,v.,离开、剩下、遗忘,n.,许可、告别、请假,yes,0.962,2351,0.038
less,adj.,少的、小的,n.,较少、较小,no,0.690,1,0.000
liberal,adj.,慷慨的、不拘泥的、宽大的,n.,自由主义者,no,0.796,84,0.006
limp,adj.,柔软的、无力的、软弱的,n.,跛行,no,0.967,0,0.000
literate,adj.,有读写能力的、精通文学的、受过教育的,n.,学者,yes,0.651,35,0.211
little,adj.,小的、很少的、幼小的,n.,一点点、少许、一会儿,no,0.928,1,0.000
live,v.,活、生存、居住,adj.,活的、生动的、精力充沛的,yes,0.783,11903,0.186
locomotive,adj.,运转的、火车头的、移动的,n.,火车头、机车,yes,0.784,80,0.186
log,v.,伐木、切、航行,n.,记录、圆木、日志,no,0.957,0,0.000
look,v.,看、注意、朝着,n.,一看、神色、样子,yes,0.765,80257,0.235
loom,v.,朦胧地出现、隐约可见、可怕地出现,n.,织布机、若隐若现的景象,no,0.871,0,0.000
loose,adj.,宽松的、松的、宽的,n.,发射、放任、放纵,no,0.788,0,0.000
low,adj.,低的、消沉的、低等的,n.,低点、低价、低,no,0.946,173,0.007
maiden,adj.,未婚的、处女的、初次的,n.,年轻未婚女子、少女、处女,yes,0.680,237,0.145
main,adj.,主要的、重要的、全力的,n.,主要部分、干线、体力,no,0.970,4,0.000
major,adj.,主要的、较多的、大部分的,n.,主修课、成年人、陆军少校,no,0.906,18,0.001
manifest,adj.,显然的、明白的,n.,载货单、运货单、旅客名单,no,0.942,0,0.000
marvel,v.,惊异于,n.,奇异事物、罕见例子,no,0.790,1,0.002
masculine,adj.,男性的、阳性的、有丈夫气的,n.,阳性、男性,no,0.995,0,0.000
mean,v.,意谓、想要、意欲,adj.,低劣的、卑贱的、简陋的,yes,0.947,3077,0.030
medical,adj.,医学的、内科的、药的,n.,医生、体格检查,no,0.920,0,0.000
meet,v.,遇见、引见、认识,n.,会、集会,no,0.976,0,0.000
melancholy,adj.,忧郁的、使人悲伤的、愁思的,n.,忧郁、悲哀、愁思,no,0.929,0,0.000
mention,v.,提到、提及,n.,提到、言及、陈述,yes,0.836,1196,0.161
mere,adj.,仅仅的、只不过的,n.,小湖、池塘,no,0.941,0,0.000
mighty,adj.,有势力的、强大的、有力的,n.,有势力的人,no,0.754,1,0.000
military,adj.,军事的、军人的、适于战争的,n.,军队,yes,0.875,1210,0.091
missionary,adj.,传教的、传教士的,n.,传教士、负有任务者、工作人员,no,0.950,0,0.000
moan,v.,呻吟、抱怨、悲叹,n.,呻吟、悲叹,yes,0.974,9,0.016
mock,adj.,假的、伪造的、模拟的,n.,嘲笑、戏弄、模仿,no,0.799,1,0.001
modern,adj.,现代的、时髦的,n.,现代人、有思想的人,no,0.942,8,0.000
monthly,adj.,每月的、每月一次的,n.,月刊,no,0.970,1,0.001
mop,v.,用拖把洗擦、擦、拭,n.,拖把、鬼脸,no,0.973,0,0.000
moral,adj.,道德的、品性端正的、精神上的,n.,道德、品行、寓意,no,0.995,0,0.000
move,v.,移动、开动、感动,n.,移动、迁居、步骤,yes,0.734,16393,0.266
multiple,adj.,多样的、许多的、多功能的,n.,倍数、并联,yes,0.966,53,0.020
musical,adj.,音乐的、声音美妙的、喜爱音乐的,n.,音乐片、音乐舞台剧,yes,1.000,0,0.000
mute,adj.,哑的、无声的、沉默的,n.,哑子、哑音字母、弱音器,no,0.875,0,0.000
narrow,adj.,狭窄的、仔细的、有限的,n.,狭窄部分、隘路,no,0.914,0,0.000
native,adj.,本国的、与生俱来的、自然的,n.,本地人、土产、当地人,yes,0.874,294,0.093
natural,adj.,自然的、自然界的、本能的,n.,白痴,no,0.969,192,0.012
need,v.,需要、必需,n.,需要、必须、缺乏,yes,0.923,16542,0.070
negative,adj.,否定的、消极的、负的,n.,否定、否定语、负数,no,0.996,15,0.003
neutral,adj.,中立的、中性的、无色的,n.,中立者、中立国、非彩色,no,0.996,0,0.000
next,adj.,下一个的、其次的、贴近的,n.,下一个,no,0.939,3,0.000
noble,adj.,高贵的、高尚的、贵族的,n.,贵族,no,0.726,0,0.000
northward,adv.,向北,n.,北方、北,no,0.879,0,0.000
notable,adj.,值得注意的、显著的,n.,著名人士、值得注意之事物,no,1.000,0,0.000
nurture,v.,养育、供给营养物、教养,n.,养育、营养物、培育,no,0.991,2,0.006
official,adj.,公务的、官方的、正式的,n.,官员、公务员、职员,yes,0.778,1529,0.202
offset,v.,弥补、抵消、胶印,n.,抵消、把...并列、旁系,no,0.993,0,0.000
old,adj.,老的、旧的、古老的,n.,以前、往昔,no,0.947,0,0.000
olive,adj.,黄绿色的、黄褐色的、橄榄色的,n.,橄榄、橄榄树、橄榄色,yes,0.766,137,0.035
only,adv.,只有、仅仅、只能,adj.,唯一的、仅有的、最佳的,yes,0.778,46713,0.222
optimum,adj.,最优的、最适宜的,n.,最适条件、最佳效果,no,0.936,1,0.005
oral,adj.,口头的、口述的、口部的,n.,口试,no,0.985,0,0.000
oriental,adj.,东方诸国的、亚洲的、东方的,n.,东方人、亚洲人,no,0.999,1,0.001
ornamental,adj.,装饰性的、装饰的、观赏用的,n.,装饰物、观赏植物,no,0.998,0,0.000
orphan,adj.,无双亲的、孤儿的,n.,孤儿,no,0.960,0,0.000
overhaul,n.,分解检查、精细检查、大检修,vt.,分解检查、翻修、精细检查,yes,0.749,122,0.172
overlap,v.,重叠、重复、与...同时发生,n.,重叠、重复、部分的同时发生,no,0.991,0,0.000
overload,n.,超载、负荷过多,vt.,超载、过载、超过负荷,no,0.944,0,0.000
overnight,adj.,通宵的、晚上的、前夜的,n.,前一天晚上、一夜的逗留,no,0.813,0,0.000
overthrow,v.,打倒、推翻、倾覆,n.,推翻、瓦解、倾覆,no,1.000,0,0.000
overturn,v.,推翻、颠倒,n.,倾覆、破灭、革命,no,0.992,2,0.008
own,adj.,自己的、嫡亲的、同胞的,n.,自己的,no,0.955,1,0.000
pale,adj.,苍白的、暗淡的、无力的,n.,栅栏、界线、范围,yes,0.784,131,0.086
pan,v.,上下左右移动、摇镜头、淘洗,n.,平锅、浅盘、盆地,no,0.862,0,0.000
particular,adj.,特别的、独有的、挑剔的,n.,一项(或条、点)、个别项目、详细说明,no,0.999,7,0.000
pay,v.,支付、付清、补偿,n.,薪资、付款、补偿,yes,0.812,9550,0.188
pedestrian,adj.,人行的、徒步的、呆板的,n.,行人、步行者,yes,0.706,114,0.289
peer,v.,凝视、窥视、费力地看,n.,同等的人、匹敌、贵族,no,0.892,0,0.000
perfect,adj.,完美的、完好的、理想的,n.,完成时,no,0.844,0,0.000
periodical,adj.,定期出版的、(有关)期刊的、间歇(性的),n.,期刊,no,0.960,0,0.000
perpendicular,adj.,垂直的、直立的、陡峭的,n.,垂直线、垂直的位置、直立(姿势),no,0.979,0,0.000
pick,v.,摘、掘、凿,n.,精选、选择、掘,yes,0.913,2564,0.087
pine,v.,消瘦、憔悴、痛苦,n.,松树、松木,no,0.870,0,0.000
pink,adj.,粉红的、石竹科的、比较激进的,n.,粉红色、石竹花、化身,no,0.897,0,0.000
plague,v.,折磨、使苦恼、使得灾祸,n.,瘟疫、天罚、麻烦,yes,0.855,30,0.027
plain,adj.,简单的、明白的、平常的,n.,平原、草原、朴实无华的东西,yes,0.743,425,0.093
play,v.,玩、游戏、假装,n.,游戏、游玩、玩笑,yes,0.689,27936,0.284
please,v.,使高兴、合...的心意、取悦,adv.,请,no,0.864,0,0.000
pluck,v.,摘、猛拉、拔,n.,勇气、猛拉、动物内脏,no,0.979,2,0.004
plural,adj.,复数的、两个以上的,n.,复数,yes,0.760,28,0.143
pose,v.,摆姿势、装模作样、假装,n.,姿势、姿态、装模作样,yes,0.989,17,0.010
postulate,v.,要求、假定,n.,假定、基本条件,no,1.000,0,0.000
precipitate,v.,猛抛、使陷入、促成,n.,沉淀物、凝结物、结果,no,0.689,4,0.089
preliminary,adj.,初步的、开始的、预备的,n.,初步做法、初步措施、预试,no,1.000,0,0.000
pretty,adv.,相当、颇,adj.,漂亮的、优美的、机灵的,yes,0.877,2520,0.039
primary,adj.,主要的、初期的、根本的,n.,最主要者、原色,yes,0.976,124,0.024
primitive,adj.,原始的、上古的,n.,原始人、早期艺术家,no,0.994,0,0.000
produce,v.,产生、生产、提出,n.,生产品、物产、后代,yes,0.842,1601,0.158
professional,adj.,专业的、职业的,n.,专业人才,yes,0.930,353,0.036
proficient,adj.,精通的、熟练的,n.,高手、专家,no,1.000,0,0.000
progressive,adj.,前进的、累进的、进步的,n.,改革论者、进步论者,no,0.961,0,0.000
public,adj.,公众的、公共的、公立的,n.,公众、民众,yes,0.707,14536,0.259
purple,adj.,紫色的、帝王的、华而不实的,n.,紫色、帝位,no,0.776,0,0.000
push,v.,推、推动、使伸出,n.,推、推动、奋斗,yes,0.723,4583,0.274
quarrel,v.,吵架、争论、挑剔,n.,吵架、反目、怨言,no,0.990,2,0.010
radical,adj.,激进的、根本的、基本的,n.,激进分子、词根、基础,no,0.975,0,0.000
raise,v.,升起、举起、唤起,n.,上升、高地、增高,yes,0.977,315,0.022
rash,n.,皮疹,adj.,轻率的、匆忙的、鲁莽的,yes,0.794,143,0.173
raw,adj.,生的、未加工的、生疏的,n.,擦伤处、半成品,no,0.977,19,0.005
reach,v.,到达、达到、伸出,n.,伸出、延伸、区域,yes,0.874,1599,0.122
ready,adj.,准备好的、备用的、可以使用的,n.,预备好的状态、现款,no,0.989,0,0.000
recall,v.,回想、回忆、召回,n.,回忆、召回、撤消,yes,0.819,433,0.181
recruit,v.,恢复、补充、充实,n.,新兵、新手、新会员,yes,0.963,0,0.000
regret,v.,为...感到遗憾、后悔、惋惜,n.,遗憾、后悔、悔恨,yes,0.748,927,0.250
reign,n.,为王、为君、当政,v.,为王、为君、当政,yes,0.988,0,0.000
relative,adj.,相对的、相关的,n.,亲戚、亲属,yes,0.982,29,0.012
requisite,adj.,必要的、需要的,n.,必需品、要素、必要物品,no,1.000,0,0.000
resistant,adj.,抵抗的、反抗的、耐...的,n.,抵抗者、反抗者,yes,0.749,134,0.251
retail,adj.,零售的,n.,零售,yes,0.818,260,0.084
rough,adj.,粗糙的、粗暴的、蓬乱的,n.,粗糙的东西、毛坯、未加工品,no,0.956,0,0.000
roundabout,n.,迂回路线,adj.,迂回的、委婉的,yes,0.799,47,0.044
routine,adj.,日常的、常规的,n.,常规、日常工作、惯例,yes,0.679,1587,0.320
ruin,v.,毁灭、衰败、破坏,n.,毁灭、推翻、废墟,yes,0.995,6,0.002
run,v.,跑、奔跑、跑步,n.,跑、赛跑、奔跑,yes,0.709,13600,0.220
Russian,adj.,俄国的、俄语的,n.,俄国人、俄语,yes,0.838,0,0.000
safe,adj.,安全的、可靠的、平安的,n.,保险箱、冷藏室,no,0.967,33,0.001
save,v.,解救、挽救、储蓄,n.,救球,no,0.842,0,0.000
saw,v.,锯、锯开、来回移动,n.,锯子、谚语,yes,0.971,1375,0.027
scan,v.,细看、浏览、扫描,n.,审视、浏览、扫描,no,0.993,7,0.003
scare,v.,惊吓、使恐慌,n.,惊吓、恐慌,yes,0.695,803,0.267
scorn,v.,轻蔑、不屑做,n.,轻蔑、藐视、嘲笑,no,1.000,0,0.000
scrape,v.,刮掉、擦掉、刮出刺耳声,n.,刮、擦、挖,yes,0.761,189,0.233
second,adj.,第二的、其次的、次要的,n.,秒、瞬间、第二名,yes,0.896,2477,0.030
segregate,v.,分离、隔离、分凝,adj.,分离的、被隔离的,no,1.000,0,0.000
seldom,adv.,很少、不常,adj.,不常的、稀少的,no,1.000,0,0.000
senior,adj.,年长的、高级的、资深的,n.,年长者、资深者、毕业班学生,no,0.959,4,0.000
separate,adj.,分开的、各别的、单独的,n.,独立件、抽印本,no,0.845,0,0.000
serial,adj.,连续的、一连串的、连载的,n.,分期连载作品、连载小说,yes,0.841,150,0.158
set,v.,放、安置、放置,n.,日落、同伙、组合,yes,0.726,19470,0.258
settle,v.,决定、整理、安放,n.,有背长椅,no,1.000,0,0.000
shallow,adj.,浅的、肤浅的,n.,水浅的地方、浅滩,no,0.950,0,0.000
sharp,adj.,锋利的、明显的、敏锐的,n.,半升音调、利刃、骗子,no,0.887,1,0.000
shave,v.,修面、剃、修剪,n.,修面、刮胡子、幸免,no,0.970,7,0.007
shed,v.,使流出、放射、脱落,n.,车棚、小屋、脱落之物,no,1.000,0,0.000
shoot,v.,射击、射中、损毁,n.,射击、狩猎、芽,yes,0.705,1932,0.284
shove,v.,推挤、猛推、强使,n.,推、挤,no,1.000,0,0.000
shower,v.,淋浴、下阵雨,n.,阵雨、淋浴、一阵,no,0.989,57,0.009
shrug,v.,耸肩,n.,耸肩,no,0.990,1,0.005
shut,v.,关上、闭起、幽禁,n.,关闭,no,0.996,3,0.000
shy,adj.,胆怯的、畏缩的、迟疑的,n.,惊跳、惊避,no,0.910,5,0.001
sick,adj.,不舒服、有病的、恶心的,n.,病人,yes,0.976,155,0.013
singular,adj.,异常的、单一的,n.,单数,no,0.980,0,0.000
skip,v.,跳越、跳读、跳绳,n.,跳跃、跳读,yes,0.957,45,0.018
sleep,v.,睡觉、睡眠、静止,n.,睡眠、静止、昏迷,yes,0.726,4477,0.253
slight,adj.,轻微的、纤细的、脆弱的,n.,轻蔑、怠慢,no,0.998,0,0.000
smash,v.,打碎、粉碎、击溃,n.,打碎、粉碎、打碎时哗啦声,yes,0.657,748,0.311
snatch,v.,夺取、攫取,n.,抢夺、攫取、片断,no,0.877,1,0.002
sniff,v.,嗅、蔑视、嗤之以鼻,n.,以鼻吸气、嗅、气息,yes,0.918,97,0.064
snore,v.,打鼾,n.,鼾声、打鼾,yes,0.708,49,0.234
soak,v.,使上下湿透、浸、吸入,n.,浸、湿透、大雨,no,0.997,2,0.002
soar,v.,往上飞舞、高耸、翱翔,n.,高扬、翱翔,no,0.892,1,0.002
sole,adj.,唯一的、仅有的、单独的,n.,脚掌、鞋底、底部,yes,0.686,401,0.229
solid,adj.,坚硬的、稳固的、固体的,n.,固体,no,0.998,0,0.000
solitary,adj.,孤独的、独居的,n.,独居者,no,0.996,0,0.000
somewhat,adv.,多少、几分,n.,某物、几分,no,0.997,5,0.002
southern,adj.,向南方的、来自南方的,n.,南方人、男风,no,0.720,0,0.000
sovereign,adj.,具有主权的、至高无上的、国王的,n.,元首、独立国,no,0.905,0,0.000
sow,v.,播种、散布、使密布,n.,母猪、懒胖女人,no,0.952,2,0.002
Spanish,adj.,西班牙的,n.,西班牙人、西班牙语,yes,0.890,0,0.000
spark,v.,闪光、发火花、求婚,n.,火花、火星、闪光,no,0.955,6,0.004
special,adj.,特别的、专门的、特殊的,n.,专辑、专车、号外,no,0.997,105,0.002
specific,adj.,特殊的、明确的、具有特效的,n.,特效药、特性,yes,0.975,150,0.025
split,v.,分离、分开、裂开,n.,劈开、裂片、裂缝,yes,0.662,2804,0.323
spoil,v.,损坏、破坏、溺爱,n.,战利品、赃物、奖品,yes,0.876,160,0.102
spread,v.,展开、铺开、传播,n.,传播、散布、伸展,yes,0.708,2431,0.288
sprout,v.,使发芽、摘去芽,n.,芽、萌芽,no,0.891,1,0.002
spur,v.,刺激、激励、用马刺策(马)前进,n.,马刺、刺激物、鼓舞,yes,0.939,9,0.020
squat,adj.,蹲着的、矮胖的,n.,蹲、窝,no,0.986,0,0.000
stable,adj.,稳定的、安定的、坚固的,n.,马房、牛棚,yes,0.940,239,0.059
stack,v.,堆积、堆满、暗中对...做手脚,n.,堆叠、堆、大量,no,0.889,5,0.003
stain,v.,沾染、染污、着色,n.,污染、污点、着色剂,no,0.980,0,0.000
stale,adj.,不新鲜的、陈腐的、疲惫的,n.,尿,no,0.982,0,0.000
stall,v.,关入厩、停顿、推托,n.,厩、停车处、牧师职位,yes,0.995,0,0.000
stammer,n.,口吃、结巴,v.,口吃、结结巴巴地说,yes,0.651,28,0.112
stand,v.,站、立、坐落,n.,站立、站住、停顿,yes,0.813,6646,0.187
start,v.,开始、出发、启动,n.,惊起、出发、开端,yes,0.687,36507,0.307
startle,v.,吃惊、使惊愕,n.,惊愕、惊恐,yes,0.795,6,0.077
static,adj.,静态的、静止的、固有的,n.,静电、静电干扰,no,0.987,3,0.004
statue,n.,雕像,vt.,以雕像装饰,no,0.904,0,0.000
stay,v.,制止、延缓、坚持,n.,停留、逗留、制止,yes,0.846,1952,0.040
steep,adj.,险峻的、陡峭的、急剧升降的,n.,浸渍、悬崖,yes,0.957,28,0.014
stern,adj.,严厉的、严格的、坚定的,n.,尾部、船尾、臀,no,0.739,0,0.000
still,adv.,仍然、更、静止地,n.,蒸馏室、寂静、剧照,no,1.000,0,0.000
stir,v.,移动、摇动、激起,n.,骚动、轰动、搅动,no,0.996,6,0.002
stop,v.,停止、被塞住,n.,停止、车站、逗留,yes,0.788,11273,0.157
stout,n.,矮胖子、烈性啤酒,adj.,结实的、矮胖的、勇敢的,yes,0.737,46,0.121
stroll,v.,闲逛、漫步,n.,闲逛、漫步,no,0.995,0,0.000
stumble,v.,使绊倒、使困惑,n.,绊倒、蹒跚而行、失足,yes,0.684,152,0.312
subordinate,adj.,下级的、次要的、附属的,n.,属下、附属物,no,0.852,3,0.056
super,adj.,上等的、特大的、超级的,n.,跑龙套角色、冗员、特级品,no,0.692,1,0.000
superior,adj.,上级的、出众的、高傲的,n.,长者、占优势的人、上级,no,0.890,0,0.000
suspect,v.,怀疑、猜想,n.,被怀疑者、嫌疑犯,yes,0.668,1619,0.220
swallow,v.,咽、淹没、吞没,n.,燕子、吞咽、喉,yes,0.930,55,0.036
swamp,v.,淹没、击溃、清除,n.,沼泽、进退两难的困境,yes,0.891,43,0.066
sway,v.,摇动、支配、弄歪,n.,摇摆、影响力、支配,yes,0.925,27,0.037
sweet,adj.,甜的、芳香的、悦耳的,n.,甜蜜、糖果、情人,yes,0.902,687,0.036
Swiss,adj.,瑞士的、瑞士风格的,n.,瑞士人、瑞士腔调,no,0.846,9,0.005
switch,v.,转变、切换、摆动,n.,开关、电闸、转换,yes,0.671,1537,0.325
synthetic,adj.,综合(性)的、人造的、合成的,n.,合成物质,yes,0.965,12,0.028
tackle,v.,固定、处理、抓住,n.,工具、复滑车、滑车,no,0.998,6,0.001
talk,v.,讲话、演讲、说话,n.,谈话、交谈、会谈,yes,0.747,16668,0.252
tap,v.,轻打、轻敲、敲打出,n.,轻打、水龙头,yes,0.996,0,0.000
taper,v.,(使)一头逐渐变细、(使)逐渐减少,n.,带子操作工、小蜡烛、尖细,no,0.981,2,0.019
tear,v.,流泪、撕破、赶快,n.,泪滴、眼泪、撕,yes,0.975,16,0.005
tender,adj.,柔软的、嫩的,n.,投标、投标书,yes,0.897,136,0.059
tentative,adj.,试验性的、暂时的,n.,试验,yes,0.928,22,0.069
terminate,v.,结束、终止、满期,adj.,有结尾的、(可)结束的,no,1.000,0,0.000
thank,v.,谢谢、感谢,n.,谢意、感谢,no,1.000,0,0.000
tick,v.,滴答响、活动,n.,滴答声、一瞬间、壁虱,yes,0.713,766,0.267
token,adj.,象征的、表意的,n.,表征、记号、代币,no,0.990,0,0.000
torment,v.,使苦恼、纠缠、歪曲,n.,使人痛苦的东西、折磨者、苦痛,no,0.992,1,0.004
torpedo,v.,用鱼雷袭击、破坏,n.,鱼雷、水雷、地雷,yes,0.933,9,0.029
torture,v.,拷问、曲解、折磨,n.,拷问、苦闷,no,0.965,2,0.001
toss,v.,投掷、猛抬、摇荡,n.,投掷、抛、摇摆,no,0.990,6,0.004
tough,adj.,强硬的、艰苦的、坚固的,n.,恶棍,no,1.000,0,0.000
trace,v.,追踪、回溯、描绘,n.,痕迹、踪迹、微量,no,0.825,0,0.000
trample,v.,践踏、无视,n.,践踏(声)、蹂躏,yes,0.820,19,0.156
transient,adj.,短暂的、易变的、瞬变的,n.,瞬、短期居留者、过境鸟,yes,0.679,30,0.268
transplant,n.,移居者、移植,vt.,使移居、移植、使迁移,yes,0.936,57,0.043
tread,v.,踏、行走、交尾,n.,踏、步态、梯级,yes,0.937,46,0.058
tremble,v.,战栗、忧虑、摇晃,n.,战栗、颤抖,yes,0.669,28,0.178
triple,adj.,三倍的,n.,三倍数、三个一组,no,0.770,0,0.000
tuck,v.,打褶、卷起、挤进,n.,缝褶、活力、鼓声,no,0.947,7,0.005
turn,v.,使旋转、转弯、转动,n.,转弯、转动、旋转,yes,0.653,19583,0.347
ultimate,adj.,终极的、根本的、极限的,n.,终极、根本、顶点,no,0.933,0,0.000
ultrasonic,adj.,超音速的,n.,超声波,no,0.978,0,0.000
underestimate,v.,低估、看轻,n.,低估,yes,0.930,41,0.046
urge,v.,驱策、力劝、竭力主张,n.,冲动、推动力、迫切的要求,yes,0.655,532,0.343
use,v.,使用、利用、运用,n.,使用、习惯、使用价值,yes,0.779,14841,0.200
utmost,adj.,极度的、最远的,n.,极限、最大限度、极度,no,1.000,0,0.000
variable,adj.,可变的、不定的、易变的,n.,易变的事物、变数、可变物,no,0.976,3,0.007
vent,v.,发泄、排出、给...开孔,n.,排气口、出口、通风孔,no,0.958,1,0.002
very,adv.,非常、完全,adj.,真正的、恰好的、十足的,no,0.994,2382,0.005
wait,v.,等候、期待、延缓,n.,等待、等候,yes,0.943,2681,0.057
walk,v.,走路、步行、处世,n.,走、散步、步行,yes,0.727,8570,0.273
want,v.,要、希望、应该,n.,需要的东西、缺乏、贫困,no,0.993,1,0.000
wear,v.,穿着、戴、留(须、发等),n.,穿着、戴、使用,yes,0.900,1586,0.100
weave,v.,编织、组合、编排,n.,编法、织法、编织式样,yes,0.694,136,0.169
weekly,adj.,每周的、一周一次的、周刊的,n.,周刊、周报,no,0.905,8,0.004
well,adv.,很好地、适当地、好意地,n.,井、泉水、源泉,no,0.953,1492,0.003
western,adj.,向西方的、来自西方的、西方的,n.,西方人、西部片、西部小说,no,0.854,0,0.000
whistle,v.,吹口哨、鸣汽笛、发嘘嘘声,n.,口哨、汽笛、啸啸声,no,0.863,2,0.001
white,adj.,白色的、纯洁的、白种的,n.,白色、洁白、眼白,no,0.793,59,0.002
whole,adj.,所有的、完整的、完全的,n.,全部、全体、整体,yes,0.881,8309,0.118
wild,adj.,野性的、野蛮的、野生的,n.,荒野、荒地,no,0.878,0,0.000
will,v.,用意志的力量驱使、决意、愿意,n.,意志、决心、意愿,no,0.990,3209,0.004
wireless,adj.,无线的、无线电的,n.,无线电,yes,0.879,10,0.016
wish,v.,愿、想要、希望,n.,希望、愿望、祝愿,yes,0.790,3429,0.152
wonder,v.,惊奇、想知道,n.,奇迹、惊奇、惊愕,yes,0.746,4937,0.215
worry,v.,使烦恼、使焦虑、使苦恼,n.,担心、烦恼、忧虑,yes,0.875,3387,0.121
worse,adj.,更坏的、更恶劣的,n.,更坏的事、更恶劣的事、败局,no,0.974,0,0.000
worst,adj.,最坏的、最恶劣的、最不利的,n.,最坏、最坏的时候,no,0.978,0,0.000
worth,adj.,值...的、值得的,n.,价值、财产,yes,0.757,5349,0.139
worthy,adj.,有价值的、可敬的、值得的,n.,杰出人物,no,0.979,1,0.000
wrap,v.,包装、卷、缠绕,n.,外套、围巾、包裹物,yes,0.653,643,0.255
wrestle,v.,摔跤、搏斗、斗争,n.,摔跤、角力、扭斗,no,0.994,0,0.000
yellow,adj.,黄色的,n.,黄色,yes,0.774,1735,0.124
