word,pos,zh,definition,example,collocations,status,primary
"the","art.","这、那（特指）","used before a noun when the person or thing is specific or already known","The keys are on the table.","",generated,yes
"a","art.","一个、任一","used before one person or thing that is not specific","She bought a new bag.","",generated,yes
"in","prep.","在……里面、在……期间","inside a place or during a period of time","The children are in the garden.","in time|in the room",generated,yes
"it","pron.","它","used for a thing, animal, situation, or idea already mentioned","I found my phone and put it in my bag.","",generated,yes
"I","pron.","我","used by the speaker to refer to himself or herself","I am ready to begin.","",generated,yes
"he","pron.","他","used for a male person or boy already mentioned","He works near our home.","",generated,yes
"on","prep.","在……上面、在……时候","touching or supported by a surface; also used for a particular day","The book is on the desk.","on time|on Monday",generated,yes
"at","prep.","在、向、对","used to show a place, point, time, event, or target","Meet me at the station at six.","at home|at work",generated,yes
"but","conj.","但是、不过","used to connect two ideas that are different or unexpected","I was tired, but I finished the work.","",generated,yes
"by","prep.","被、经、由","used to show who did something, how it happened, or what is beside something","The song was written by her.","by hand|by bus",generated,yes
"or","conj.","或、或者","used to show an alternative, choice, or other possibility","Would you like tea or coffee?","",generated,yes
"as","prep.","作为、像、当……时","used to describe a role, comparison, or something happening at the same time","She works as a teacher.","as usual|as a result",generated,yes
"can","aux.","能、可以","used to say that someone is able or allowed to do something","I can help you today.","",generated,yes
"who","pron.","谁","used to ask which person or to add information about a person","Who is at the door?","",generated,yes
"about","prep.","关于、大约、在……周围","connected with a subject; also meaning approximately","We talked about the new plan.","about time|about five minutes",generated,yes
"will","aux.","将、会、愿意","used to talk about the future or a decision to do something","I will call you tomorrow.","",generated,yes
"up","adv.","向上、起来","toward a higher place or position","Please stand up.","go up|look up",generated,yes
"me","pron.","我","used by the speaker as the object of a verb or preposition","Please send me the photo.","",generated,yes
"out","adv.","出去、在外","away from the inside of a place","She went out after dinner.","go out|find out",generated,yes
"just","adv.","只是、刚刚、正好","only, very recently, or exactly","I have just finished lunch.","just now|just right",generated,yes
"its","pron.","它的","used to show that something belongs to or is connected with a thing or animal","The dog moved its tail.","",generated,yes
"more","adv.","更、更加；再","to a greater degree or for a longer time","She visits us more often now.","more often|more quickly",generated,yes
"well","adv.","很好地、充分地","in a good, successful, or satisfactory way","She speaks English very well.","do well|work well",generated,yes
"only","adv.","只、仅仅","used to say that there is no more than one thing, person, amount, or choice","I only need five minutes.","only one|not only",generated,yes
"even","adv.","甚至、即使","used to emphasize something surprising or more extreme","Even the youngest child understood.","even better|even if",generated,yes
"back","adv.","回来、向后","toward an earlier place, position, or time","Please come back soon.","go back|give back",generated,yes
"us","pron.","我们","used by the speaker for a group including himself or herself as the object","She invited us to dinner.","",generated,yes
"down","adv.","向下、下来","toward a lower place or position","Please sit down.","go down|write down",generated,yes
"may","aux.","可以、可能","used to say that something is possible or that someone has permission","It may rain this afternoon.","",generated,yes
"after","prep.","在……之后","later than a particular time or event","We went home after dinner.","after work|after school",generated,yes
"call","v.","打电话、称呼、叫","to speak to someone by phone, give a name, or ask someone to come","Please call me tonight.","call back|call for help",generated,yes
"over","prep.","在……上方、越过、遍及","above, across, or covering something","The plane flew over the city.","all over|over time",generated,yes
"still","adv.","仍然、还是","continuing to happen or be true at the present time","She still lives in Beijing.","still waiting|still young",generated,yes
"first","adv.","首先、最先","before anything or anyone else","Wash your hands first.","first of all|come first",generated,yes
"high","adj.","高的、高度较大的","far above the ground or greater than the usual level","The wall is too high to climb.","high level|high price",generated,yes
"while","conj.","当……时、虽然","during the time that something happens; sometimes used to contrast two facts","She listened while I spoke.","while waiting|a while",generated,yes
"why","adv.","为什么","for what reason or purpose","Why are you late?","",generated,yes
"help","v.","帮助、协助","to make it easier for someone to do something","Can you help me carry this box?","help with|help someone",generated,yes
"turn","v.","转动、转向；变成","to move around a point, change direction, or become different","Turn left at the next street.","turn on|turn into",generated,yes
"start","v.","开始、出发","to begin doing something or begin to happen","The meeting starts at nine.","start with|start work",generated,yes
"might","aux.","可能、也许","used to say that something is possible but not certain","We might go out later.","",generated,yes
"right","adj.","正确的、合适的","correct, true, or suitable for a situation","You chose the right answer.","right way|right time",generated,yes
"play","v.","玩、播放、演奏","to take part in a game, make music, or use something for enjoyment","The children play outside every day.","play a game|play music",generated,yes
"run","v.","跑、运行、经营","to move quickly on foot, operate, or manage something","She runs in the park every morning.","run a business|run out",generated,yes
"must","aux.","必须、一定","used to say that something is necessary or certainly true","You must wear a seat belt.","",generated,yes
"young","adj.","年轻的、年幼的","having lived for only a short time","The young boy is learning to swim.","young people|young child",generated,yes
"lot","n.","许多、大量","a large number or amount","We learned a lot today.","a lot of|a whole lot",generated,yes
"set","v.","设置、放置、确定","to put something in a position or decide a value, time, or rule","Set the alarm for seven.","set a goal|set up",generated,yes
"change","v.","改变、变化、更换","to make or become different","The weather can change quickly.","change your mind|change into",generated,yes
"best","adj.","最好的、最合适的","better than all other people or things","This is the best choice for us.","best friend|best choice",generated,yes
"white","adj.","白色的","having the colour of fresh snow or milk","She wore a white shirt.","white paper|black and white",generated,yes
"kid","n.","孩子、小孩","a child or young person","The kids are playing outside.","little kid|smart kid",generated,yes
"lead","v.","带领、领先、通向","to guide people, be ahead, or go to a place","She will lead the project.","lead to|lead a team",generated,yes
"watch","v.","观看、留意","to look at something for a period of time and pay attention","We watched a film together.","watch TV|watch carefully",generated,yes
"together","adv.","一起、共同","with another person or in one group","We cooked dinner together.","work together|get together",generated,yes
"centre","n.","中心、中央","the middle point or main part of a place or activity","The hotel is in the city centre.","city centre|shopping centre",generated,yes
"sure","adj.","确信的、一定的","certain that something is true or will happen","I am sure the door is locked.","make sure|be sure",generated,yes
"within","prep.","在……之内、不超过","inside a place, period, distance, or limit","Please reply within two days.","within reach|within a week",generated,yes
"open","adj.","打开的、开放的","not closed, covered, or blocked","The shop is open until nine.","open door|open to",generated,yes
"boy","n.","男孩、少年","a male child or young male person","The boy is riding a bike.","little boy|school boy",generated,yes
"maybe","adv.","也许、可能","used when something is possible but not certain","Maybe we can meet tomorrow.","",generated,yes
"human","adj.","人的、人类的","relating to people rather than animals or machines","Trust is a basic human need.","human life|human body",generated,yes
"fall","v.","落下、跌倒、下降","to move down suddenly or become lower","Leaves fall from the trees in autumn.","fall down|fall asleep",generated,yes
"oh","interj.","哦、噢","used to show surprise, understanding, pain, or another strong feeling","Oh, I forgot my keys.","",generated,yes
"cut","v.","切、割、削减","to divide something with a sharp tool or reduce an amount","Cut the paper into two pieces.","cut down|cut costs",generated,yes
"yeah","interj.","是、对","an informal way to say yes","Yeah, I agree with you.","",generated,yes
"care","n.","关心、照料、小心","attention and help given to someone or something","The patient needs careful medical care.","take care|health care",generated,yes
"perhaps","adv.","也许、可能","used to say that something may be true or may happen","Perhaps we should leave early.","",generated,yes
"hard","adj.","困难的、坚硬的","difficult to do or solid and not easy to bend","This question is hard to answer.","hard work|hard time",generated,yes
"pass","v.","经过、通过、递给","to go past, succeed in a test, or give something to someone","She passed the exam last week.","pass by|pass a test",generated,yes
"major","adj.","主要的、重大的","very important, serious, or large","Traffic is a major problem in the city.","major change|major role",generated,yes
"better","adj.","更好的、更合适的","of a higher quality or more suitable than something else","This plan is better than the old one.","feel better|better choice",generated,yes
"pull","v.","拉、拖","to move something toward you or in a particular direction","Pull the door to open it.","pull out|pull together",generated,yes
"free","adj.","自由的、免费的、空闲的","not controlled, not costing money, or available to use","The museum is free on Sundays.","free time|free of charge",generated,yes
"drive","v.","驾驶、驱动","to control a vehicle or make something happen","She drives to work every day.","drive a car|drive growth",generated,yes
"break","v.","打破、弄坏、中断","to damage something so it separates or stops working","Be careful not to break the glass.","break down|break a promise",generated,yes
"pick","v.","挑选、采摘、拿取","to choose or take one thing from a group","Pick the colour you like best.","pick up|pick one",generated,yes
"and","conj.","和、与、并且","used to join words, phrases, or ideas","She bought bread and milk.","",generated,yes
"of","prep.","的、属于","used to show belonging, connection, amount, or part of something","The door of the room was open.","a cup of|part of",generated,yes
"to","prep.","到、向、给","used to show movement, direction, a receiver, or an end point","We walked to the station.","go to|talk to",generated,yes
"have","v.","有、拥有、经历","to own, hold, contain, or experience something","They have two children.","have time|have a problem",generated,yes
"that","adj.","那、那个","used to point to a particular person or thing farther away or already mentioned","I remember that day clearly.","that time|that person",generated,yes
"for","prep.","为、给、因为","used to show purpose, reason, a receiver, or a period of time","This gift is for you.","for example|for two hours",generated,yes
"you","pron.","你、你们","used to refer to the person or people being spoken to","You can sit here.","",generated,yes
"with","prep.","和……一起、用、带有","together with someone or using, having, or feeling something","She came with her sister.","with care|with friends",generated,yes
"this","pron.","这、这个","used to point to a person, thing, or idea that is near or being discussed","This is my favourite book.","",generated,yes
"they","pron.","他们、她们、它们","used for two or more people or things already mentioned","They live near the school.","",generated,yes
"we","pron.","我们","used by the speaker for a group that includes himself or herself","We are ready to begin.","",generated,yes
"from","prep.","从、来自、根据","used to show where something starts, comes from, or is separated","She came from Shanghai.","from home|from now on",generated,yes
"she","pron.","她","used for a female person or girl already mentioned","She is waiting outside.","",generated,yes
"what","pron.","什么","used to ask for information about a thing, action, or idea","What do you need?","",generated,yes
"their","pron.","他们的、她们的、它们的","used to show that something belongs to or is connected with them","Their house is near the park.","",generated,yes
"if","conj.","如果、是否","used to introduce a possible condition or an indirect question","Call me if you need help.","if possible|what if",generated,yes
"would","aux.","将、会、愿意","used for imagined situations, polite requests, or the future seen from the past","Would you like some tea?","",generated,yes
"her","pron.","她的、她","used for a female person as an object or to show belonging","I gave her the book.","",generated,yes
"which","pron.","哪一个、哪个","used to ask or say what person or thing is meant from a limited group","Which colour do you prefer?","",generated,yes
"them","pron.","他们、她们、它们","used for people or things already mentioned as the object","I saw them at the station.","",generated,yes
"him","pron.","他","used for a male person as the object of a verb or preposition","Please give him the message.","",generated,yes
"your","pron.","你的、你们的","used to show that something belongs to or is connected with the person spoken to","Your phone is on the desk.","",generated,yes
"could","aux.","可以、能够、可能","used to describe past ability, possibility, or a polite request","Could you open the window?","",generated,yes
"than","conj.","比、较之","used when comparing two people, things, or amounts","This room is larger than that one.","more than|rather than",generated,yes
"our","pron.","我们的","used to show that something belongs to or is connected with us","Our train leaves at eight.","",generated,yes
"these","pron.","这些","used to point to people or things that are near or being discussed","These are my keys.","",generated,yes
"those","pron.","那些","used to point to people or things farther away or already mentioned","Those are the books I ordered.","",generated,yes
"should","aux.","应该、应当","used to say what is right, expected, or likely","You should get some rest.","",generated,yes
"until","prep.","直到……为止","up to a particular time or event","The shop is open until six.","wait until|until now",generated,yes
"among","prep.","在……之中","in the middle of or included in a group of people or things","She sat among her friends.","among people|among the best",generated,yes
"whether","conj.","是否、不管","used when talking about two possibilities or expressing doubt","I do not know whether he will come.","whether or not",generated,yes
"although","conj.","虽然、尽管","used to introduce a fact that makes the main statement surprising","Although it was raining, we went out.","",generated,yes
"toward","prep.","朝、向、对于","in the direction of someone or something","She walked toward the door.","toward the end|attitude toward",generated,yes
"else","adv.","其他、另外","in addition to or instead of what has already been mentioned","Would you like anything else?","someone else|what else",generated,yes
"themselves","pron.","他们自己、她们自己、它们自己","used when people or things are both the subject and object of an action","They made the meal themselves.","",generated,yes
"whose","pron.","谁的","used to ask or say which person something belongs to","Whose bag is this?","",generated,yes
"everyone","pron.","每个人、人人","every person in a group","Everyone enjoyed the trip.","",generated,yes
"whom","pron.","谁、什么人","used in formal English for the person receiving an action","Whom did you invite?","",generated,yes
"ought","aux.","应该、应当","used to say what is right, expected, or likely","You ought to tell the truth.","ought to",generated,yes
"amid","prep.","在……之中","in the middle of or surrounded by something","The town stayed calm amid the storm.","amid concerns|amid reports",generated,yes
"against","prep.","反对、靠着、与……竞争","in opposition to, touching, or competing with someone or something","The bike was leaning against the wall.","against the law|play against",generated,yes
"yourself","pron.","你自己、你亲自","used when the person spoken to is both the subject and object","Be proud of yourself.","by yourself",generated,yes
"internet","n.","互联网、因特网","the worldwide system that connects computers and allows people to share information","You can find the form on the internet.","internet access|on the internet",generated,yes
"ourselves","pron.","我们自己、我们亲自","used when we are both the subject and object of an action","We prepared the meal ourselves.","by ourselves",generated,yes
"rubber","n.","橡胶、橡皮","a strong material that bends easily and is used for tyres and many other products","These gloves are made of rubber.","rubber band|rubber gloves",generated,yes
"worm","n.","蠕虫、虫","a small animal with a long soft body and no legs","A worm was moving through the soil.","earthworm|computer worm",generated,yes
"pharmacy","n.","药店、药房","a shop or place where medicines are prepared and sold","I bought the medicine at the pharmacy.","local pharmacy|hospital pharmacy",generated,yes
"pneumonia","n.","肺炎","a serious illness that causes swelling and infection in the lungs","He was treated in hospital for pneumonia.","develop pneumonia",generated,yes
"sponge","n.","海绵、海绵状物","a soft material with many small holes that holds water","Use a sponge to clean the table.","kitchen sponge|sponge cake",generated,yes
"cyberspace","n.","网络空间","the online world where people communicate and share information","Personal data can spread quickly through cyberspace.","in cyberspace",generated,yes
"Marxism","n.","马克思主义","a political and economic system of ideas based on the work of Karl Marx","The course introduces the history of Marxism.","Marxist theory",generated,yes
"dynamo","n.","发电机、精力充沛的人","a machine that produces electricity from movement","The bicycle dynamo powers the light.","bicycle dynamo",generated,yes
"put","v.","放、安置、使处于","to move something into a particular place or position","Put the cup on the table.","put on|put away",generated,yes
"continue","v.","继续、持续","to keep doing something or keep happening without stopping","Please continue with your work.","continue to|continue doing",generated,yes
"serve","v.","服务、供应、担任","to provide help, food, or a useful function","They serve breakfast from seven.","serve as|serve food",generated,yes
"build","v.","建造、建立、逐步形成","to make something by joining parts or to develop it over time","They plan to build a new school.","build up|build trust",generated,yes
"reach","v.","到达、伸手够到、达到","to arrive at a place, level, or goal","We reached the station before noon.","reach a goal|reach an agreement",generated,yes
"raise","v.","提高、举起、筹集","to move something higher or increase an amount","The company plans to raise wages.","raise money|raise a question",generated,yes
"require","v.","需要、要求","to need something or make something necessary","The job requires careful planning.","require approval|require someone to",generated,yes
"indicate","v.","表明、指出","to show that something exists or is likely, or to point something out","The results indicate a clear change.","indicate that|clearly indicate",generated,yes
"fail","v.","失败、未能、不及格","to be unsuccessful or not do something that is needed","The plan failed because costs were too high.","fail to|fail an exam",generated,yes
"blue","adj.","蓝色的、忧郁的","having the colour of a clear sky","She wore a blue coat.","dark blue|feel blue",generated,yes
"remove","v.","移走、去除、脱下","to take something away from a place or position","Please remove your shoes at the door.","remove from|remove a stain",generated,yes
"green","adj.","绿色的、环保的","having the colour of grass or causing little harm to the environment","The leaves are bright green.","green energy|green light",generated,yes
"respond","v.","回答、回应、作出反应","to answer or react to something","She responded quickly to the message.","respond to|respond quickly",generated,yes
"deliver","v.","递送、发表、履行","to take something to a person or place, or provide what was promised","They deliver fresh food every morning.","deliver a speech|deliver results",generated,yes
"contribute","v.","贡献、捐助、促成","to give money, time, ideas, or effort to help achieve something","Many people contributed to the project.","contribute to|contribute money",generated,yes
"settle","v.","解决、定居、安顿","to solve a disagreement or begin living permanently in a place","They settled the problem calmly.","settle down|settle a dispute",generated,yes
"connect","v.","连接、联系","to join things or people together","This bridge connects the two towns.","connect to|connect with",generated,yes
"yellow","adj.","黄色的","having the colour of lemons or ripe bananas","The child drew a yellow sun.","bright yellow|yellow light",generated,yes
"investigate","v.","调查、研究","to examine facts carefully in order to discover the truth","Police are investigating the accident.","investigate a case|investigate whether",generated,yes
"expose","v.","暴露、揭露、使接触","to make something visible or known, or leave it without protection","The report exposed serious problems.","expose to|expose the truth",generated,yes
"compete","v.","竞争、比赛","to try to win or be more successful than others","Several teams will compete in the final.","compete with|compete for",generated,yes
"portray","v.","描绘、扮演","to show or describe someone or something in a particular way","The film portrays life in a small town.","portray as|accurately portray",generated,yes
"behave","v.","表现、举止","to act in a particular way, especially toward other people","The children behaved well during dinner.","behave well|behave like",generated,yes
"confess","v.","承认、坦白","to admit that you did something wrong or reveal a private truth","He confessed that he had lied.","confess to|confess that",generated,yes
"disclose","v.","披露、揭示","to make secret or private information known","The company refused to disclose the price.","disclose information|disclose that",generated,yes
"cease","v.","停止、终止","to stop happening or stop doing something","The noise finally ceased.","cease to|cease operations",generated,yes
"chew","v.","咀嚼","to crush food with the teeth before swallowing it","Chew your food slowly.","chew gum|chew on",generated,yes
"straighten","v.","弄直、整理、纠正","to make something straight or tidy","She straightened the picture on the wall.","straighten up|straighten out",generated,yes
"inquire","v.","询问、打听","to ask for information","I called to inquire about the course.","inquire about|inquire whether",generated,yes
"wither","v.","枯萎、衰弱","to become dry, weak, or smaller","The flowers withered in the heat.","wither away",generated,yes
"torment","v.","折磨、使痛苦","to cause severe physical or emotional pain","The memory continued to torment him.","torment someone",generated,yes
"situated","adj.","位于……的、处于……的","located in a particular place or position","The hotel is situated near the station.","situated in|ideally situated",generated,yes
"big","adj.","大的、重要的","large in size, amount, or importance","They live in a big house.","big change|big difference",generated,yes
"again","adv.","再一次、又","one more time or in the same way as before","Please say that again.","again and again|once again",generated,yes
"invalid","adj.","无效的、不成立的","not legally acceptable, officially recognized, or based on correct facts","The ticket is invalid after midnight.","invalid password|invalid request",generated,yes
"relative","adj.","相对的、相关的","considered by comparing it with something else","The task is easy relative to the last one.","relative importance|relative size",generated,yes
"relative","n.","亲戚、亲属","a person who belongs to the same family","Most of her relatives live nearby.","close relative|distant relative",generated,no
"civilian","adj.","平民的、民用的","relating to people who are not members of the armed forces","The building was returned to civilian use.","civilian life|civilian use",generated,yes
"civilian","n.","平民","a person who is not a member of the armed forces or police","The area was opened to civilians again.","civilian population|innocent civilian",generated,no
"tender","adj.","柔软的、嫩的、温柔的","soft, easy to cut, or showing gentle care","Cook the meat until it is tender.","tender meat|tender care",generated,yes
"tender","n.","投标、投标书","a formal written offer to provide work or goods for a stated price","The company submitted a tender for the project.","submit a tender|open tender",generated,no
"tender","v.","正式提出、投标","to make a formal offer or submit something officially","Three firms tendered for the contract.","tender for|tender an offer",generated,no
"patient","n.","病人、患者","a person who receives medical care or treatment","The doctor spoke with the patient.","hospital patient|treat a patient",generated,yes
"patient","adj.","有耐心的","able to wait or deal with difficulty without becoming angry","Please be patient while the page loads.","patient with|remain patient",generated,no
"state","n.","状态、州、国家","a condition, one of the main political areas of a country, or a country","The equipment is in good condition and a safe state.","current state|state government",generated,yes
"state","v.","陈述、说明","to say or write something clearly and officially","Please state your name and address.","clearly state|state that",generated,no
"award","n.","奖、奖项","a prize or honour given for an achievement","She won an award for her research.","win an award|award ceremony",generated,yes
"award","v.","授予、判给","to officially give a prize, payment, or decision","The judges awarded her first prize.","award a prize|award damages",generated,no
"implement","v.","实施、执行","to put a plan, decision, or system into action","The team will implement the new policy next month.","implement a plan|implement changes",generated,yes
"implement","n.","工具、器具","a tool used for a particular kind of work","The farmer cleaned each metal implement after use.","farm implement",generated,no
"duplicate","n.","副本、复制品","an exact copy of something","Keep the original and send me the duplicate.","exact duplicate|in duplicate",generated,yes
"duplicate","adj.","完全相同的、重复的","exactly the same as another thing","The system found two duplicate records.","duplicate copy|duplicate entry",generated,no
"duplicate","v.","复制、使加倍","to make an exact copy of something or repeat it","Please duplicate this file before editing it.","duplicate a file|duplicate work",generated,no
"envisage","v.","设想、展望","to form a mental picture of a future situation, especially one you may plan for","We envisage the work taking three months.","envisage a future|envisage doing",generated,yes
"irrigate","v.","灌溉、给……供水","to bring water to dry land so that plants can grow","Farmers irrigate the fields during the dry season.","irrigate crops|irrigate farmland",generated,yes
"maltreat","v.","虐待、苛待","to treat a person or animal badly or cruelly","The law protects animals from people who maltreat them.","maltreat animals",generated,yes
"malfunction","n.","故障、失灵","a failure to work normally or correctly","A software malfunction stopped the machine.","system malfunction|technical malfunction",generated,yes
"malfunction","v.","发生故障、失灵","to stop working normally or correctly","The alarm may malfunction in extreme heat.","malfunction badly",generated,no
"temperamental","adj.","喜怒无常的、情绪不稳定的","likely to change mood suddenly and sometimes become difficult to deal with","The actor was talented but temperamental.","temperamental person",generated,yes
"circumference","n.","圆周、周长","the distance around the outside of a circle","Measure the circumference of the wheel.","circle circumference",generated,yes
"transcendental","adj.","超越经验的、先验的","beyond ordinary experience or based on abstract ideas rather than direct observation","The book discusses transcendental ideas about knowledge.","transcendental philosophy",generated,yes
"resolute","adj.","坚决的、坚定的","firmly determined and not likely to change your mind","She remained resolute despite the criticism.","remain resolute|resolute leader",generated,yes
"invert","v.","使倒置、使反转","to turn something upside down or reverse its usual order","Invert the bottle before use.","invert an image|invert the order",generated,yes
"exploit","v.","利用、开发、剥削","to use a resource or situation for benefit, sometimes in an unfair way","The company hopes to exploit new technology.","exploit resources|exploit workers",generated,yes
"exploit","n.","英勇事迹、壮举","a brave, exciting, or notable action","The book tells of the explorer's early exploits.","military exploit|heroic exploit",generated,no
"retire","v.","退休、退下、就寝","to stop working permanently, leave a position, or go to bed","She plans to retire next year.","retire from|retire early",generated,yes
"revise","v.","修改、复习","to change something to improve it or study it again for an examination","I need to revise this report before sending it.","revise a plan|revise for an exam",generated,yes
"substantial","adj.","大量的、重大的、坚固的","large in amount, value, or importance; also strong and solid","The project requires a substantial investment.","substantial amount|substantial evidence",generated,yes
"mean","v.","意思是、意味着、打算","to express, show, or intend a particular idea","What does this word mean?","mean that|mean to",generated,yes
"keep","v.","保持、保留、继续","to continue to have, hold, or do something","Please keep the door closed.","keep doing|keep in touch",generated,yes
"same","adj.","相同的、同样的","not different; exactly like another person or thing","We chose the same colour.","the same as|at the same time",generated,yes
"few","adj.","很少的、不多的、少数的","not many; only a small number of people or things","Few people knew the answer.","a few|very few",generated,yes
"whichever","pron.","无论哪一个、任何一个","any one from a group when it does not matter which one is chosen","Choose whichever you prefer.","whichever one",generated,yes
"mean","adj.","刻薄的、吝啬的；平均的","unkind or unwilling to share; in maths, based on an average","It was mean of him to laugh at her.","be mean to|mean temperature",generated,no
"mean","n.","平均数、平均值","the total of a set of numbers divided by how many numbers there are","The mean of two and four is three.","the mean of|calculate the mean",generated,no
"right","n.","权利；右边、右侧","something you are allowed to do or have; the side opposite the left","Everyone has a right to education.","the right to|on the right",generated,no
"right","adv.","向右；正确地；正好、就","towards the side opposite the left; correctly; exactly","Turn right at the next street.","turn right|right now|get it right",generated,no
"back","n.","背部；后面、背面","the part of your body opposite your chest; the rear part of something","My back hurts after sitting all day.","back pain|the back of",generated,no
"back","adj.","后面的、背面的；过去的","at the rear of something; from an earlier time","Please use the back door.","back door|back issues",generated,no
"back","v.","支持；后退、倒车","to support someone or something; to move backwards","Her team agreed to back the plan.","back a plan|back away",generated,no
"call","n.","电话；呼声、叫声；要求","a conversation by phone; a shout or a request for something","I missed your call this morning.","a phone call|a call for help",generated,no
"high","adv.","在高处、向高处","far above the ground or a lower position","The bird flew high above the trees.","fly high|aim high",generated,no
"help","n.","帮助、援助","support that makes it easier for someone to do something","Thank you for your help.","ask for help|with your help",generated,no
"turn","n.","轮到的机会；转弯、转变","your chance to do something; a change in direction or situation","It is your turn to choose a game.","take turns|a left turn",generated,no
"start","n.","开始、开端；出发点","the beginning of an activity, event, or journey","We arrived before the start of the film.","at the start|a fresh start",generated,no
"play","n.","戏剧；玩耍、游戏活动","a story performed by actors; an activity done for enjoyment","We watched a play at the theatre.","a school play|free play",generated,no
"run","n.","跑步；一段连续的活动或时期","a period of running; a series of similar events","I go for a run every morning.","go for a run|a run of bad luck",generated,no
"set","n.","一套、一组；装置；布景","a group of things that belong together; equipment or scenery used for a purpose","She bought a set of new plates.","a set of|a film set",generated,no
"set","adj.","固定的、规定的；准备好的","fixed or arranged in advance; ready for something","There is no set time for lunch.","a set time|all set",generated,no
"change","n.","变化、改变；零钱、找零","a difference from before; coins or money returned after a payment","Please keep the change.","a change of plan|small change",generated,no
"best","adv.","最好地、最出色地","in the most successful or suitable way","I work best in the morning.","like best|know best",generated,no
"lead","n.","领先地位；线索；铅","the position ahead of others; information that helps an investigation; a heavy grey metal","Our team took the lead in the second half.","take the lead|follow a lead|lead poisoning",generated,no
"lead","adj.","主要的、领头的","having the main or most important role","She is the lead singer in the band.","lead singer|lead role",generated,no
"watch","n.","手表；监视、值守","a small clock worn on the wrist; a period of looking out for danger","My watch says it is nine o'clock.","wear a watch|keep watch",generated,no
"centre","v.","使居中；以……为中心","to put something in the middle; to focus on a main subject","The discussion centred on school safety.","centre on|centre around",generated,no
"sure","adv.","确实、当然（口语）","certainly; used informally to agree or show that something is true","It sure is cold today.","sure is|sure can",generated,no
"open","v.","打开；开办；开始营业","to move something so it is no longer closed; to start a business or activity","Could you open the window?","open a door|open a shop",generated,no
"fall","n.","落下、跌倒；下降；秋天（美式）","an act of dropping down; a decrease; the season after summer in American English","She hurt her arm in a fall.","a fall in prices|in the fall",generated,no
"cut","n.","伤口、切口；削减","an opening made by something sharp; a reduction in size or amount","He has a small cut on his finger.","a deep cut|a pay cut",generated,no
"reach","n.","够得到的范围；影响范围","the distance you can stretch to touch something; the range of an effect","Keep medicines out of children's reach.","within reach|out of reach",generated,no
"raise","n.","加薪（美式）","an increase in the money you earn from your job, in American English","She asked her boss for a raise.","get a raise|a pay raise",generated,no
"care","v.","关心、在意；照顾","to feel that someone or something matters; to look after someone","I care about how you feel.","care about|care for",generated,no
"hard","adv.","努力地；猛烈地、用力地","with a lot of effort or force","She worked hard to finish on time.","work hard|rain hard",generated,no
"pass","n.","通行证；及格；传球；山口","a permit to enter; a successful test result; a throw to a teammate; a route through mountains","You need a pass to enter this building.","a boarding pass|a mountain pass",generated,no
"major","n.","主修专业；主修生；少校","a main subject studied at university; a student of that subject; an army officer's rank","Her major is history.","a history major|an army major",generated,no
"major","v.","主修（美式）","to study a particular subject as your main subject at university","He plans to major in biology.","major in",generated,no
"better","adv.","更好地、更加","in a more successful or suitable way; to a greater degree","I can hear you better now.","know better|do better",generated,no
"pull","n.","拉、拖；吸引力","an act of drawing something towards you; a force that attracts","Give the handle a gentle pull.","a strong pull|the pull of",generated,no
"free","v.","释放；使摆脱、腾出","to let someone leave or escape; to make something available","They freed the bird from the net.","free someone from|free up time",generated,no
"drive","n.","驾车出行；动力；驱动器","a journey in a car; a strong wish to succeed; a device for storing computer data","The beach is a short drive from here.","go for a drive|a hard drive",generated,no
"break","n.","休息；中断；裂口","a short rest or pause; a gap where something has separated","Let's take a break after lunch.","take a break|a lunch break",generated,no
"pick","n.","选择、挑选；镐；拨片","a choice; a tool for breaking hard ground; a small tool for playing a guitar","You can have the first pick of the books.","take your pick|a guitar pick",generated,no
"fail","n.","不及格；失败（口语）","an unsuccessful test result or attempt","He got a fail in the driving test.","a pass or fail|an epic fail",generated,no
"blue","n.","蓝色","the colour of a clear sky during the day","She painted the wall a pale blue.","dark blue|pale blue",generated,no
"green","n.","绿色；草地、公共绿地","the colour of grass; an area of grass for public use","The children played on the village green.","dark green|a village green",generated,no
"yellow","n.","黄色","the colour of a lemon or the middle of an egg","She chose a bright yellow for the wall.","bright yellow|pale yellow",generated,no
"sponge","v.","用海绵擦洗、吸去；揩油、依赖他人","to clean or absorb liquid with a soft pad; to live on what others provide","She sponged the spilled water off the table.","sponge off|sponge down",generated,no
"more","det.","更多的、额外的","greater in number or amount; additional","We need more time to finish.","more time|more people",generated,no
"more","pron.","更多、额外的数量","an additional amount or number","There is more to learn.","much more|a little more",generated,no
"first","adj.","第一的；最早的、首要的","coming before all others in order or time; most important","This is my first visit to Beijing.","first time|first place",generated,no
"only","adj.","唯一的、仅有的","being the single person or thing of a particular kind","This is the only key I have.","the only one|an only child",generated,no
"ordinary","adj.","普通的、平常的","usual and not special or different","It was an ordinary day at work.","ordinary people|ordinary life",generated,yes
"album","n.","音乐专辑；相册、集邮册","a collection of songs released together; a book for keeping photos or stamps","We looked through our family photo album.","a photo album|release an album",generated,yes
"moreover","adv.","而且、此外","used to add another point that supports what you have just said","The flat is small. Moreover, it is too expensive.","",generated,yes
"dog","n.","狗、犬","an animal often kept as a pet that can bark","We take our dog for a walk every evening.","walk the dog|a pet dog",generated,yes
"silver","n.","银；银色；银器","a valuable shiny grey-white metal; its colour; objects made from this metal","The ring is made of silver.","a silver ring|silver coins",generated,yes
"question","n.","问题、疑问；议题","something you ask to get information; a subject that needs an answer or discussion","May I ask you a question?","ask a question|answer a question",generated,yes
"government","n.","政府；治理","the group of people who run a country or region; the work of running it","The government plans to build more schools.","local government|government policy",generated,yes
"quote","n.","引文、引语；报价","words repeated from someone else; a price offered for a job or service","We asked for a quote to repair the roof.","a famous quote|get a quote",generated,yes
"quote","v.","引用；报价","to repeat someone's words; to state a price for a job or service","She quoted a line from the poem.","quote a price|quote from",generated,no
"severe","adj.","严重的、剧烈的；严厉的","very bad or serious; very strict or harsh","The storm caused severe damage.","severe pain|severe damage",generated,yes
"treat","v.","对待、看待；治疗；处理；请客","to deal with someone or something in a certain way; to give medical care; to pay for someone's food or enjoyment","Please treat everyone with respect.","treat someone well|treat an illness|treat someone to lunch",generated,yes
"treat","n.","乐事、特别的享受；款待、请客","something enjoyable that feels special; an occasion when someone pays for another person's food or fun","A trip to the beach is a special treat for us.","a special treat|a birthday treat|my treat",generated,no
"treatment","n.","治疗；待遇、对待方式；处理","medical care for an illness or injury; the way someone is dealt with; a process used to change or improve something","Everyone deserves fair treatment at work.","medical treatment|fair treatment|water treatment",generated,yes
"batch","n.","一批、一组；批次","a set of items made or handled together, or people grouped together","We check the orders in batches of twenty.","a batch of orders|in batches|a fresh batch",generated,yes
"batch","v.","把……分批处理、成批安排","to put items into groups so that each group can be handled together","We batch small orders together to save time.","batch orders|batch together",generated,no
"feast","n.","盛宴；令人愉悦的享受；宗教节日","a large special meal; something wonderful to see or enjoy; a day of religious celebration","The whole family came together for a feast.","a wedding feast|a feast for the eyes|a feast day",generated,yes
"feast","v.","尽情享用、大吃；饱览","to eat plenty of delicious food; to enjoy looking at something beautiful","We feasted on fresh fruit after our walk.","feast on|feast your eyes on",generated,no
"reception","n.","接待处；接待、反响；招待会；信号接收","a visitor welcome desk; how people welcome or react to someone; a formal party; how clearly a phone or radio receives signals","Please leave your room key at reception.","reception desk|a warm reception|a wedding reception",generated,yes
"entertain","v.","使开心、使感兴趣；招待；考虑（想法）","to give people an enjoyable time; to welcome guests with food and drink; to consider an idea or possibility","The stories entertained the children on the long journey.","entertain guests|entertain an idea|entertain the children",generated,yes
"hunt","n.","狩猎、追捕、搜寻","the activity of chasing animals to catch or kill them, or a careful search for someone or something","The police launched a hunt for the missing boy.","a job hunt|the hunt for|go on a hunt","generated","yes"
"foster","adj.","收养的、养育的","caring for a child as part of your family without being the child's parent by birth","They became foster parents to two young children.","foster parents|foster family|foster child","generated","yes"
"mill","n.","压榨机、磨坊、制造厂","a building or machine for crushing grain into flour, or a factory that makes things such as paper or cloth","The old mill by the river still makes flour.","a paper mill|a cotton mill|a pepper mill","generated","yes"
"curl","n.","拳曲、鬈发","a piece of hair that grows or is shaped into a curve, or any curved shape","The baby had soft brown curls.","tight curls|a curl of smoke","generated","yes"
"crane","n.","鹤、起重机","a tall machine used for lifting and moving heavy objects, or a large bird with long legs and a long neck","A crane lifted the steel beams onto the roof.","a construction crane|a tower crane","generated","yes"
"barber","n.","理发师","a person whose job is to cut men's hair and shave their beards","He goes to the barber every three weeks.","go to the barber|a barber's shop","generated","yes"
"villa","n.","别墅","a large house with a garden, often in the countryside or used for holidays","We rented a villa by the sea for the summer.","a holiday villa|a private villa","generated","yes"
"piston","n.","活塞、活塞阀键","a part of an engine that moves up and down inside a tube and makes other parts move","The pistons in the old engine were badly worn.","an engine piston","generated","yes"
"weld","n.","焊接处、焊接","a place where two pieces of metal have been joined by heating them until they melt together","The weld on the pipe had started to crack.","a strong weld","generated","yes"
"seaman","n.","船员、海员、水兵","a sailor, especially one who is not an officer","The young seaman joined the ship's crew last year.","an experienced seaman","generated","yes"
"forth","adv.","往前、以后、向外","forward or out from a place; from a particular time onwards","From that day forth, she never missed a lesson.","back and forth|and so forth|set forth","generated","yes"
"buffalo","n.","水牛","a large animal of the cattle family with long curved horns, often used on farms in Asia; in North America, a bison","A farmer was ploughing the rice field with a buffalo.","water buffalo|a herd of buffalo","generated","yes"
"southern","adj.","南方的、南部的","in or from the south of a place","They live in a small town in southern Italy.","southern Europe|the southern hemisphere","generated","yes"
"tuna","n.","金枪鱼、金枪鱼肉","a large sea fish, or its meat eaten as food","I had a tuna sandwich for lunch.","a tuna sandwich|canned tuna","generated","yes"
"thorn","n.","刺、棘、荆棘","a small sharp point on the stem of a plant such as a rose","She hurt her finger on a thorn.","a thorn in your side","generated","yes"
"wasp","n.","黄蜂、胡蜂、易怒的人","a flying insect with black and yellow stripes that can sting","A wasp flew into the kitchen.","a wasp sting|a wasps' nest","generated","yes"
"donkey","n.","驴子、笨蛋、顽固者","an animal like a small horse with long ears, used for carrying loads","The donkey carried our bags up the hill.","ride a donkey","generated","yes"
"orthodox","adj.","正统的、传统的、惯常的","following the traditional or generally accepted beliefs, ideas, or methods","He prefers orthodox medicine to other treatments.","orthodox methods|orthodox views","generated","yes"
"dot","n.","点、圆点、小数点","a very small round mark, such as the point in a decimal number","Put a dot at the end of the sentence.","on the dot|a blue dot","generated","yes"
"north","n.","北方、北","the direction toward the top of a map, or the part of a place in that direction","The wind is blowing from the north.","in the north|to the north|the far north","generated","yes"
"south","n.","南方、南","the direction toward the bottom of a map, or the part of a place in that direction","Most of the farms are in the south of the country.","in the south|to the south|the far south","generated","yes"
"northwest","n.","西北、西北方","the direction or area halfway between north and west","Heavy rain is expected in the northwest.","in the northwest|to the northwest","generated","yes"
"crown","n.","王冠、王权、顶点","a round gold decoration worn on the head of a king or queen; also the power of a king or queen, or the top of something","The queen wore a crown covered in jewels.","wear a crown|the crown jewels","generated","yes"
"everlasting","adj.","永恒的、持久的","lasting forever or for a very long time","They promised each other everlasting love.","everlasting love|everlasting peace","generated","yes"
"thrift","n.","节约、茂盛、海石竹","the careful use of money so that you do not waste it","Her thrift helped the family save enough for a house.","a thrift shop","generated","yes"
"cosmos","n.","宇宙、秩序、和谐","the universe seen as a complete and ordered system","Scientists study the origins of the cosmos.","the origin of the cosmos","generated","yes"
"northern","adj.","北方的、北部的","in or from the north of a place","We drove through the northern part of Scotland.","northern Europe|the northern hemisphere","generated","yes"
"northern","n.","北方人","a person from the north of a country; northerner is the more common word","","","generated","no"
"ministry","n.","部、内阁、服务","a government department led by a minister; also the work of a religious minister","She works for the Ministry of Education.","the Ministry of Health|a government ministry","generated","yes"
"thanksgiving","n.","感谢","an act of giving thanks, especially to God; also a public holiday in the US and Canada","They held a service of thanksgiving when the war ended.","a service of thanksgiving|Thanksgiving dinner","generated","yes"
"itself","pron.","它本身、它自己","used when a thing or animal that does something is also affected by it, or to give it emphasis","The cat was washing itself in the sun.","by itself|in itself","generated","yes"
"per","prep.","每一、通过、经","for each; also, by means of","The room costs eighty pounds per night.","per person|per hour|per cent","generated","yes"
"upon","prep.","在...之上、迫近、紧接着","on; a more formal word, often used in fixed phrases","The decision depends upon the weather.","depend upon|once upon a time|rely upon","generated","yes"
"whenever","conj.","每当","at any time that, or every time that","Call me whenever you need help.","","generated","yes"
"whereby","adv.","靠什么、如何、为何","by which; used to explain how something happens","They set up a system whereby staff can work from home.","","generated","yes"
"fro","adv.","向那边、向后","away; now used only in the phrase to and fro, meaning backwards and forwards","The boat moved to and fro on the waves.","to and fro","generated","yes"
"whilst","conj.","当...的时候、和...同时、虽然","while; used mainly in British English","She read a book whilst waiting for the bus.","","generated","yes"
"amongst","prep.","在...当中、在...之间、在...之中","among; used mainly in British English","He found the letter amongst his old papers.","","generated","yes"
"unless","conj.","除非","except if","You can't go out unless you finish your homework.","","generated","yes"
"peacock","n.","孔雀、好炫耀的人","a large male bird with long, brightly coloured tail feathers that it can spread out like a fan","The peacock spread its beautiful tail.","as proud as a peacock","generated","yes"
"rape","n.","抢夺、掠夺、强奸","the crime of forcing someone to have sex; also the destruction or taking of something by force","Environmental groups protested against the rape of the rainforest.","","generated","yes"
"dragon","n.","龙、凶暴的人","a large imaginary animal in stories, usually with wings and a long tail, that can breathe fire","The children drew a dragon breathing fire.","a fire-breathing dragon|a Chinese dragon","generated","yes"
"muse","v.","沉思、冥想","to think carefully about something for a long time","She sat by the window, musing about her future.","muse on|muse about","generated","yes"
"muse","n.","缪斯、灵感来源","a person or thing that gives an artist ideas","His wife was the muse for many of his songs.","","generated","no"
"metropolitan","adj.","大都市的、首都的","belonging to or typical of a large city","The metropolitan area has over ten million people.","a metropolitan area|metropolitan police","generated","yes"
"metropolitan","n.","大都市居民、都主教、宗主国的公民","a person who lives in a large city; also a senior bishop in some Christian churches","The metropolitan led the church service.","","generated","no"
"oriental","adj.","东方的","from or relating to East Asia; some people find this word offensive when used about people","The shop sells oriental rugs and vases.","oriental art|oriental rugs","generated","yes"
"oriental","n.","东方人、亚洲人","an old-fashioned word for a person from East Asia, now usually considered offensive","","","generated","no"
"primate","n.","灵长目动物、大主教","a member of the group of animals that includes humans, apes, and monkeys; also a senior archbishop","Chimpanzees are among the most intelligent primates.","non-human primates","generated","yes"
"democrat","n.","民主人士、民主主义者、民主党党员","a person who believes in democracy; also a member of the Democratic Party in the US","She has always been a committed democrat.","a committed democrat","generated","yes"
"congress","n.","国会、会议、讨论会","a large formal meeting of people from different groups; in the US, the group of people elected to make laws","Doctors from forty countries attended the medical congress.","a party congress|a medical congress","generated","yes"
"commonwealth","n.","共和国、联邦、国民整体","a country, or a group of countries with shared political links; also the people of a nation as a whole","Australia is a member of the Commonwealth.","the Commonwealth","generated","yes"
"ton","n.","吨","a unit for measuring weight; a metric ton is 1,000 kilograms","The truck can carry up to ten tons.","a metric ton|tons of","generated","yes"
"west","n.","西方、西部","the direction where the sun goes down, or the part of a place in that direction; also Europe and North America as a group","The sun sets in the west.","in the west|to the west","generated","yes"
"storm","n.","暴风雨、骚动、风波","very bad weather with strong winds and usually rain, snow, or thunder; also a sudden strong public reaction","The storm knocked down several trees.","a heavy storm|a storm of protest","generated","yes"
"hurricane","n.","飓风、暴风、暴风雨","a very strong storm with violent winds that forms over a warm sea","The hurricane destroyed hundreds of homes.","hurricane season","generated","yes"
"metre","n.","公尺、格律、韵律","the basic unit for measuring length, equal to 100 centimetres; also the pattern of beats in poetry","The swimming pool is 25 metres long.","square metres|a hundred metres","generated","yes"
"bean","n.","豆子","a seed or pod of certain plants, eaten as a vegetable","We had rice and beans for dinner.","green beans|coffee beans","generated","yes"
"coal","n.","煤、木炭","a hard black substance dug from the ground and burned to produce heat","The old house was heated by a coal fire.","a coal mine|a coal fire","generated","yes"
"rabbit","n.","兔子","a small animal with long ears and soft fur that lives in holes in the ground","The children fed carrots to the rabbit.","a pet rabbit","generated","yes"
"grape","n.","葡萄、葡萄树","a small round green or purple fruit that grows in bunches and is used for making wine","She bought a bunch of grapes.","a bunch of grapes|grape juice","generated","yes"
"mustard","n.","芥末、芥菜、强烈的兴趣","a thick yellow or brown sauce with a strong hot taste, made from the seeds of a plant","He likes mustard on his sausages.","mustard seed|keen as mustard","generated","yes"
"cucumber","n.","黄瓜","a long thin vegetable with dark green skin, often eaten raw in salads","Slice the cucumber for the salad.","as cool as a cucumber","generated","yes"
"reed","n.","芦苇、芦笛、簧舌","a tall plant like grass that grows near water; also a thin piece in some instruments that makes a sound when you blow","Ducks were hiding among the reeds.","","generated","yes"
"mint","n.","薄荷、造币厂、巨额","a plant with fresh-smelling leaves used in food and drinks; also a place where coins are made","Add a few mint leaves to the tea.","mint tea|in mint condition","generated","yes"
"chestnut","n.","栗子、栗树、栗色","a smooth reddish-brown nut that can be cooked and eaten, or the tree it grows on","We roasted chestnuts over the fire.","roasted chestnuts","generated","yes"
"ox","n.","牛","a male cow used for pulling heavy loads on farms","Two oxen pulled the cart along the road.","as strong as an ox","generated","yes"
"rose","n.","玫瑰、蔷薇、玫瑰色","a flower with a sweet smell that grows on a bush with thorns","He gave her a bunch of red roses.","a red rose|a bed of roses","generated","yes"
"attent","word","注意的、留意的","paying close attention; an old-fashioned word","The old poem describes an attent and patient listener.","","generated","yes"
"protend","v.","(使)伸出、(使)伸展","to stretch or hold something out; an old-fashioned word","In older stories, a knight would protend his spear toward the enemy.","","generated","yes"
"seminate","v.","播种于、传播、散布","to sow seeds, or to spread something widely; an old-fashioned word","Older writers described farmers seminating their fields in spring.","","generated","yes"
"chase","v.","追捕、追逐、追求","to follow someone or something quickly in order to catch them; also to try hard to get something","The dog chased the ball across the park.","chase after|chase a dream","generated","yes"
"chase","n.","追求、狩猎、追逐","the act of following someone or something quickly to catch them, or of trying hard to get something","The film ends with a long car chase.","a car chase|give chase","generated","no"
"peel","n.","皮、外壳","the skin of a fruit or vegetable, especially after it has been removed","She put the orange peel in the bin.","orange peel|lemon peel|potato peel","generated","yes"
"peel","v.","削...皮、剥去...的壳","to remove the skin of a fruit or vegetable, or to come off in thin pieces","Peel the potatoes before you boil them.","peel an apple|peel off","generated","no"
"tyre","n.","轮胎","a thick rubber ring filled with air that fits around the wheel of a car or bicycle","I had a flat tyre on the way to work.","a flat tyre|a spare tyre|change a tyre","generated","yes"
"tyre","v.","装轮胎于","to fit a tyre on a wheel; this use is rare","","","generated","no"
"grey","adj.","灰色的、阴沉的","having the colour between black and white, like rain clouds; also dull and without life","The sky was grey all day.","grey hair|a grey sky|a grey area","generated","yes"
"grey","n.","灰色","the colour between black and white","She painted the walls a pale grey.","dark grey|light grey","generated","no"
"grey","v.","(使)成灰色","to become grey, especially when hair turns grey with age","His hair began to grey in his forties.","greying hair","generated","no"
"willow","n.","柳树、柳木制品","a tree with long thin branches and narrow leaves that often grows near water; also its wood","A willow tree hung over the river.","a weeping willow|a willow tree","generated","yes"
"willow","adj.","柳树的、柳木制的","made of willow wood, or relating to willow trees","She carried a willow basket.","a willow basket","generated","no"
